EstudianteID,PropertyID,Edad,Universidad,TipoPropiedad,CostoMensual,NúmeroHabitaciones,ArrendóAnteriormente,Calificación,DuraciónArrendamiento,Agua,Electricidad,Internet,Gas,Calefacción,Limpieza
1,974,28,CUT,Departamento,19188.82,1,S,2.6,5,0,0,0,1,1,1
2,130,33,CUCEI,Casa,10715.1,3,No,3.0,5,1,0,1,1,1,1
3,532,18,CUCEA,Estudio,15790.1,2,S,1.8,5,1,1,1,1,1,0
4,134,23,CUCSH,Casa,17633.74,3,S,1.8,5,1,1,1,1,0,0
5,920,33,CUCSH,Casa,4902.62,2,S,3.5,5,1,1,0,0,1,0
6,125,24,CUCBA,Casa,7127.33,4,No,1.7,5,1,1,0,0,0,1
7,557,29,CUCEA,Casa,4110.34,1,S,3.8,5,0,1,1,0,0,1
8,110,34,CUAAD,Casa,5262.37,4,No,4.7,3,0,1,0,0,1,1
9,887,18,CUCS,Casa,10259.2,1,S,3.4,5,0,0,0,0,1,1
10,196,18,CUCBA,Estudio,5116.27,2,S,3.5,5,1,0,0,1,1,1
11,358,31,CUCEI,Departamento,4635.53,1,S,4.4,5,0,0,1,1,1,1
12,869,31,CUCEA,Departamento,9099.42,3,S,2.2,2,1,1,0,0,0,0
13,510,18,CUCBA,Estudio,11810.35,4,S,4.7,5,0,0,1,1,0,0
14,620,22,CUCBA,Casa,15216.46,2,No,3.4,5,1,0,1,1,1,1
15,501,24,CUAAD,Estudio,3372.62,4,No,4.3,3,0,0,0,0,0,0
16,154,34,CUAAD,Estudio,5842.24,2,No,4.8,5,0,0,0,1,0,1
17,160,31,CUCSH,Estudio,16441.09,3,S,3.0,5,0,1,0,0,0,0
18,157,19,CUCEA,Departamento,14203.7,1,No,4.8,4,0,0,1,0,0,0
19,77,19,CUAAD,Estudio,8766.68,1,S,1.3,5,1,0,0,0,1,1
20,46,28,CUAAD,Departamento,9161.82,2,No,4.9,5,1,1,1,1,1,0
21,75,30,CUCS,Estudio,5553.82,1,No,2.2,5,0,0,1,0,0,1
22,112,25,CUCSH,Estudio,10892.8,3,S,4.2,5,0,1,1,0,1,0
23,518,32,CUCEI,Estudio,11253.15,4,No,3.0,5,0,0,0,0,0,0
24,272,31,CUAAD,Estudio,12819.96,3,S,2.6,2,1,0,0,1,1,1
25,756,30,CUCEI,Estudio,10522.66,2,S,3.0,5,0,0,0,0,0,0
26,20,22,CUCEA,Casa,5311.71,3,No,2.4,5,1,1,0,1,1,1
27,932,24,CUCS,Departamento,17946.46,4,No,1.6,4,1,0,1,1,1,1
28,77,34,CUCEI,Departamento,16914.93,1,S,4.5,5,0,1,1,1,1,1
29,540,32,CUAAD,Casa,13462.34,3,S,3.4,5,1,1,1,1,0,0
30,972,24,CUCSH,Departamento,14597.74,4,S,4.6,5,1,1,0,1,1,0
31,842,29,CUCS,Casa,14819.12,1,S,4.2,5,1,1,1,0,1,0
32,146,28,CUT,Casa,9837.14,1,S,2.0,5,1,1,0,0,1,1
33,396,28,CUAAD,Estudio,7463.57,2,S,3.8,5,0,0,1,1,1,0
34,64,20,CUCS,Estudio,15964.88,1,S,1.6,5,1,0,1,1,0,1
35,339,26,CUCSH,Estudio,13624.01,3,No,4.3,5,1,0,0,0,0,0
36,244,27,CUCEA,Estudio,4404.65,3,S,1.9,1,0,1,1,1,1,1
37,171,29,CUCSH,Departamento,17621.59,2,No,2.8,5,0,1,0,1,0,1
38,412,26,CUCS,Departamento,14104.53,1,No,2.3,5,1,0,1,1,0,0
39,586,28,CUT,Estudio,14604.56,2,S,4.3,5,0,1,0,0,0,0
40,176,22,CUCS,Casa,7192.16,4,No,2.7,5,0,0,0,0,0,1
41,964,18,CUCEI,Estudio,6249.13,3,No,4.5,5,0,0,0,1,1,1
42,825,22,CUCEA,Departamento,11964.26,3,S,1.6,5,0,1,1,1,0,1
43,867,30,CUCEI,Estudio,11447.9,2,No,2.3,5,1,0,1,0,1,0
44,198,27,CUCS,Estudio,15581.6,3,No,2.6,5,0,0,0,0,0,1
45,15,21,CUCEI,Estudio,6343.24,3,No,2.9,5,1,0,0,1,0,0
46,632,19,CUCS,Departamento,3549.64,1,No,2.7,5,0,0,0,1,0,0
47,19,27,CUT,Casa,18580.76,4,No,2.3,5,1,0,0,1,0,0
48,998,18,CUCSH,Casa,12768.38,4,S,2.3,3,0,1,1,0,0,1
49,561,24,CUCSH,Casa,10743.67,1,S,2.6,4,0,0,0,1,1,0
50,592,20,CUAAD,Departamento,3835.31,3,No,3.0,5,0,0,1,0,0,0
51,485,26,CUAAD,Casa,12157.65,2,No,2.6,5,1,1,1,1,0,0
52,499,24,CUCEI,Departamento,14823.73,3,No,2.1,5,0,0,0,1,1,1
53,422,18,CUCS,Departamento,19151.91,2,No,3.3,5,0,1,0,0,1,1
54,718,27,CUCS,Departamento,16045.99,4,No,3.9,5,0,1,0,0,1,0
55,514,20,CUAAD,Casa,14006.77,3,No,4.1,5,0,1,1,0,1,1
56,802,33,CUCEA,Estudio,18200.51,4,No,1.9,5,0,1,1,0,0,0
57,354,31,CUCS,Departamento,11888.2,1,S,1.4,5,1,0,1,1,1,0
58,121,34,CUCS,Departamento,10275.71,3,S,1.2,5,1,0,0,0,1,1
59,473,26,CUCBA,Estudio,13466.91,1,S,3.9,2,1,0,1,0,1,0
60,994,32,CUCEI,Departamento,11299.28,2,No,3.8,5,0,1,1,0,1,0
61,192,21,CUT,Estudio,17913.59,2,No,2.2,5,1,0,0,0,1,1
62,847,28,CUCEI,Departamento,10307.11,4,S,3.0,5,1,1,1,1,1,1
63,380,21,CUCEA,Departamento,15157.28,4,No,4.6,3,1,1,0,0,0,1
64,843,20,CUT,Estudio,8225.79,4,S,3.1,5,1,1,0,0,1,0
65,15,25,CUT,Departamento,10775.75,2,S,2.5,5,1,0,0,1,1,1
66,7,32,CUCSH,Estudio,8843.99,1,No,1.7,3,1,1,0,0,1,0
67,257,30,CUT,Casa,13563.41,2,S,2.6,5,1,0,0,0,1,1
68,439,25,CUCBA,Departamento,9568.96,4,No,2.2,5,1,1,1,1,1,1
69,666,28,CUCBA,Casa,11791.09,2,No,4.8,5,1,1,0,0,1,0
70,909,26,CUAAD,Estudio,8072.95,2,No,4.6,2,0,1,0,0,0,0
71,503,29,CUCBA,Estudio,8554.33,2,S,2.0,5,0,1,1,0,1,1
72,321,28,CUCS,Casa,4174.46,1,S,2.6,5,1,1,0,1,1,1
73,530,30,CUCBA,Estudio,10719.64,2,No,3.1,5,0,0,0,1,0,1
74,384,25,CUCEI,Departamento,3917.01,2,S,3.3,5,0,1,1,0,0,1
75,991,30,CUCSH,Casa,17316.38,3,No,4.1,5,0,0,1,1,1,0
76,590,28,CUT,Departamento,4892.45,3,No,4.4,5,1,0,0,0,0,0
77,557,19,CUCEA,Estudio,14959.44,4,S,3.7,1,1,0,1,1,1,1
78,910,25,CUCS,Departamento,14998.66,3,S,1.5,5,0,0,0,0,0,0
79,878,26,CUCS,Casa,12637.5,3,No,4.2,5,0,1,1,1,1,1
80,30,21,CUT,Casa,5143.19,1,No,3.8,5,0,0,1,0,1,0
81,193,34,CUCBA,Estudio,10163.8,1,S,1.0,5,1,0,0,1,0,0
82,986,27,CUCEI,Estudio,5896.1,3,S,3.1,5,1,0,1,1,1,0
83,288,29,CUCSH,Departamento,17245.66,2,No,2.3,5,0,0,0,1,1,1
84,491,26,CUCS,Estudio,6629.92,2,No,4.5,5,0,1,0,0,1,1
85,65,21,CUCEA,Estudio,19213.87,3,No,1.9,2,1,1,1,1,1,0
86,871,22,CUCBA,Casa,7641.7,1,S,3.9,4,0,1,1,0,0,0
87,389,20,CUCEA,Casa,4688.38,2,S,4.9,5,0,1,0,1,1,1
88,550,30,CUT,Estudio,8315.21,4,S,1.7,5,1,0,1,0,1,0
89,49,24,CUCEI,Casa,8062.25,1,S,3.5,5,1,1,1,1,1,0
90,80,26,CUT,Casa,14886.21,4,S,4.4,5,1,1,0,1,0,0
91,718,32,CUAAD,Casa,18324.35,1,S,2.2,5,1,0,1,0,1,1
92,923,25,CUCEI,Casa,6577.78,1,S,3.7,4,1,1,1,1,0,1
93,47,24,CUT,Estudio,10046.62,1,No,3.4,5,1,1,1,1,0,0
94,114,21,CUCBA,Casa,4888.03,2,No,1.9,5,1,0,0,0,0,0
95,837,25,CUCSH,Estudio,16408.92,1,No,1.8,5,0,0,0,0,0,1
96,961,31,CUCEA,Casa,9195.98,4,No,1.5,5,0,0,1,0,1,0
97,346,30,CUCEI,Casa,16010.34,4,No,3.9,5,1,0,0,1,1,0
98,672,29,CUAAD,Casa,15810.55,4,No,3.9,5,0,0,1,1,0,0
99,163,33,CUCSH,Casa,7821.73,2,No,4.3,5,1,1,1,0,1,0
100,392,25,CUCSH,Estudio,7136.59,4,S,4.9,5,0,0,0,0,1,0
101,41,23,CUCEA,Estudio,17334.05,2,S,3.0,5,1,1,1,1,1,0
102,780,21,CUAAD,Estudio,7344.79,2,S,2.9,5,0,0,1,1,1,1
103,393,31,CUCS,Casa,19156.04,3,S,1.4,5,0,1,0,1,1,0
104,714,19,CUCBA,Estudio,7039.56,3,No,1.9,5,1,0,0,0,1,1
105,622,26,CUCEA,Casa,19384.75,3,S,1.2,5,0,0,0,1,1,0
106,826,20,CUAAD,Departamento,8086.52,1,No,1.8,3,0,1,1,0,0,0
107,776,28,CUCEA,Departamento,3730.49,4,S,4.3,5,0,1,1,0,0,0
108,541,20,CUT,Estudio,10850.76,2,No,1.3,5,0,0,0,1,0,1
109,534,31,CUT,Estudio,9645.02,3,No,3.3,5,1,1,1,0,0,1
110,470,33,CUAAD,Casa,11894.66,3,No,2.3,5,1,0,1,1,0,1
111,15,27,CUCS,Estudio,18312.67,2,S,2.2,5,0,1,0,1,0,1
112,119,24,CUT,Estudio,19003.94,3,S,4.9,4,0,1,1,1,0,0
113,845,27,CUCS,Estudio,5073.76,3,No,2.4,5,1,1,0,0,0,0
114,430,23,CUCEI,Estudio,19045.6,3,No,2.3,5,0,1,0,0,0,0
115,231,23,CUCBA,Casa,11638.49,1,S,3.1,5,1,1,1,0,1,1
116,838,26,CUCS,Casa,8524.97,3,No,1.9,5,0,1,0,1,0,1
117,262,27,CUCSH,Departamento,8833.9,2,No,3.3,5,0,1,1,0,1,1
118,795,34,CUCBA,Departamento,6301.21,4,S,1.9,5,0,0,1,1,1,1
119,683,23,CUCEA,Estudio,14918.7,2,S,1.6,5,1,1,1,0,1,0
120,190,23,CUCEI,Estudio,15385.36,1,S,2.3,1,0,1,1,1,1,1
121,372,27,CUCEI,Casa,19370.33,3,S,3.7,5,0,1,1,1,0,0
122,375,19,CUT,Estudio,16760.94,2,S,4.4,4,1,0,0,1,1,0
123,748,29,CUT,Departamento,13528.34,4,S,4.1,5,1,1,1,1,1,1
124,565,26,CUCEA,Departamento,17941.89,1,S,1.9,5,1,0,0,0,1,0
125,246,27,CUAAD,Departamento,15167.17,1,S,4.5,4,1,0,0,0,0,0
126,391,25,CUAAD,Estudio,17755.11,4,No,4.7,5,1,1,0,0,1,0
127,557,33,CUT,Estudio,3512.51,4,No,4.2,5,0,1,1,1,0,1
128,944,24,CUAAD,Casa,7359.3,2,S,3.0,5,1,1,0,0,1,1
129,422,21,CUCEI,Departamento,17972.81,3,S,2.6,5,1,0,1,0,0,1
130,824,32,CUAAD,Casa,11972.97,2,S,1.2,5,0,0,1,0,1,1
131,286,22,CUAAD,Casa,4142.79,1,No,3.1,5,1,1,1,1,0,0
132,707,23,CUCEA,Departamento,16813.32,2,S,2.2,5,1,1,0,0,1,1
133,907,33,CUAAD,Departamento,17380.8,1,S,4.5,5,1,1,1,0,0,1
134,133,30,CUCEA,Estudio,5185.36,4,No,1.6,3,0,0,0,0,0,0
135,698,26,CUCSH,Casa,5367.19,2,S,4.2,5,0,1,1,0,1,0
136,790,22,CUT,Estudio,19415.1,2,No,1.3,5,1,0,1,0,1,0
137,310,33,CUT,Estudio,13711.1,3,S,3.8,5,0,0,1,1,1,0
138,300,29,CUCEI,Estudio,19625.94,4,No,2.2,1,1,0,1,1,0,0
139,493,33,CUAAD,Casa,8056.85,4,S,4.8,4,1,1,0,0,0,1
140,449,26,CUCBA,Departamento,4614.12,3,No,2.2,1,1,0,0,0,1,0
141,946,20,CUCEA,Casa,11464.34,2,S,1.7,5,1,1,1,0,1,0
142,65,21,CUCEA,Casa,4261.82,4,S,5.0,5,1,1,1,1,1,1
143,112,26,CUCEI,Casa,8194.76,4,No,1.9,5,0,1,0,0,1,1
144,901,20,CUT,Departamento,14051.09,3,No,2.7,5,0,1,0,0,0,0
145,686,30,CUCSH,Estudio,6799.2,3,S,3.0,5,1,1,0,0,1,0
146,854,27,CUCEA,Departamento,15590.04,2,S,4.4,5,0,0,0,1,1,1
147,768,30,CUCEA,Casa,3479.39,1,No,3.8,1,0,1,1,0,1,0
148,670,19,CUCEI,Casa,6383.99,1,S,3.2,5,0,0,0,1,1,1
149,590,25,CUCSH,Departamento,17702.14,1,S,4.9,3,1,0,0,1,0,0
150,677,18,CUCEA,Estudio,18069.0,1,No,1.7,5,1,0,1,1,0,1
151,752,30,CUAAD,Departamento,15367.29,1,S,3.8,5,0,1,1,0,1,1
152,506,30,CUAAD,Departamento,8416.12,3,S,5.0,2,0,1,1,0,1,1
153,329,23,CUCS,Estudio,17645.68,1,No,3.3,5,0,0,0,0,0,0
154,990,18,CUCS,Estudio,13043.86,4,S,3.2,5,1,0,1,0,0,0
155,116,28,CUCSH,Estudio,14742.4,4,No,2.4,5,0,0,1,1,1,0
156,13,18,CUCEA,Estudio,6214.79,4,S,4.6,5,0,0,0,0,1,1
157,203,18,CUCS,Estudio,19403.91,1,S,4.9,5,0,1,1,0,1,0
158,22,26,CUT,Casa,10092.49,1,No,2.0,5,1,0,1,1,1,0
159,668,32,CUCS,Casa,8800.91,1,S,1.4,5,1,1,0,1,1,0
160,111,27,CUCEI,Departamento,12577.34,1,S,4.8,5,0,1,1,0,1,1
161,341,30,CUCEA,Estudio,19696.1,3,No,2.7,2,1,1,0,1,0,0
162,922,27,CUT,Estudio,4869.91,3,No,2.1,2,0,1,1,1,1,1
163,792,32,CUCS,Casa,8827.51,4,S,1.8,5,0,0,0,0,1,1
164,441,28,CUCSH,Departamento,16085.7,1,No,3.9,5,0,0,1,0,0,0
165,523,34,CUCEI,Estudio,12419.89,4,S,4.2,5,0,1,1,1,0,1
166,977,25,CUCEI,Departamento,8025.09,3,No,3.0,5,1,0,0,1,1,0
167,711,21,CUAAD,Departamento,10997.72,1,No,2.3,5,1,1,1,1,1,1
168,732,22,CUCS,Estudio,10552.72,3,No,4.6,5,1,1,0,1,0,1
169,202,30,CUAAD,Departamento,3667.22,4,No,4.8,5,1,0,1,0,1,0
170,292,23,CUCBA,Estudio,10887.58,2,No,2.7,5,1,0,0,0,0,0
171,775,18,CUCSH,Casa,19143.59,1,S,4.1,5,1,1,1,0,1,0
172,149,25,CUCEA,Casa,19797.1,1,S,4.9,5,1,1,1,1,1,0
173,73,34,CUCS,Estudio,11559.98,1,No,1.5,3,0,0,1,0,1,1
174,191,20,CUT,Estudio,11220.65,4,No,1.6,5,0,1,1,1,1,1
175,942,29,CUT,Departamento,8154.69,2,No,4.5,2,1,1,0,1,0,0
176,238,30,CUCS,Departamento,9337.82,3,No,1.3,4,0,0,1,1,0,0
177,842,20,CUCEI,Departamento,4409.52,4,S,4.4,5,0,1,1,1,1,1
178,737,19,CUAAD,Departamento,17146.93,4,No,2.4,5,1,1,0,1,0,0
179,743,19,CUCEI,Estudio,12235.64,1,S,3.1,5,0,0,1,0,0,1
180,650,25,CUCEA,Casa,4119.71,1,S,3.6,5,0,0,0,0,0,1
181,661,20,CUCEA,Departamento,9906.73,3,S,2.8,5,1,1,1,0,1,1
182,1000,31,CUCEI,Casa,6714.25,4,No,2.5,5,0,0,0,0,1,1
183,738,32,CUCEI,Casa,11154.45,2,No,1.9,5,1,0,1,0,0,0
184,146,34,CUCSH,Casa,10116.74,3,No,3.2,5,0,1,0,1,1,1
185,256,26,CUCEA,Casa,14891.77,1,S,3.7,5,0,0,1,1,1,1
186,431,28,CUAAD,Departamento,19934.63,1,No,4.1,5,1,0,0,0,0,1
187,243,28,CUCEA,Departamento,10673.5,3,S,1.4,5,1,1,0,1,1,0
188,462,21,CUCEI,Departamento,3139.33,2,S,4.2,5,0,1,0,1,0,1
189,873,19,CUCS,Departamento,14820.06,1,No,1.7,5,1,0,1,0,1,1
190,258,31,CUT,Casa,11829.97,4,S,3.9,5,1,1,1,1,0,0
191,138,26,CUT,Estudio,10566.4,1,No,1.1,5,1,1,1,0,1,1
192,100,21,CUCS,Estudio,12912.41,2,S,3.5,5,0,1,1,0,0,1
193,57,32,CUCS,Casa,16693.07,1,No,3.6,5,0,1,1,1,1,1
194,227,20,CUCBA,Departamento,11579.66,2,S,1.9,5,0,0,1,0,1,0
195,388,24,CUT,Departamento,14836.72,3,No,1.4,5,0,1,1,1,1,1
196,380,21,CUCSH,Casa,11503.7,3,S,4.3,5,1,1,1,1,0,1
197,854,25,CUCBA,Estudio,10503.23,2,S,2.1,5,1,1,0,1,0,1
198,313,24,CUT,Departamento,19665.43,4,S,3.3,1,0,0,1,1,0,0
199,412,19,CUT,Estudio,19268.8,2,No,3.3,5,1,0,1,0,1,1
200,663,33,CUCEA,Departamento,13850.78,4,No,2.1,2,0,0,0,1,1,1
201,663,28,CUCEA,Departamento,7423.62,2,S,4.1,5,1,0,1,0,1,0
202,606,24,CUT,Departamento,17789.38,4,No,3.6,5,0,1,0,1,0,0
203,343,22,CUCS,Departamento,9003.98,4,No,4.2,5,1,1,0,0,0,1
204,719,28,CUCEA,Casa,9378.84,1,S,3.8,5,1,1,0,1,0,1
205,731,31,CUCS,Casa,15499.03,4,No,4.0,5,0,0,1,0,1,0
206,544,18,CUCEA,Departamento,15803.88,3,No,3.7,5,1,1,1,0,1,0
207,550,25,CUCS,Estudio,6373.06,3,No,2.2,5,1,0,0,0,1,1
208,137,18,CUAAD,Estudio,7850.23,4,S,2.8,5,1,1,0,1,1,0
209,32,31,CUCSH,Estudio,10747.09,3,S,4.0,1,0,0,0,1,0,0
210,460,32,CUT,Casa,18684.46,1,S,2.9,5,1,0,0,1,1,0
211,727,24,CUT,Casa,19380.68,4,S,1.2,5,0,0,1,0,0,0
212,686,28,CUAAD,Estudio,14763.12,3,S,4.5,5,0,0,0,1,0,1
213,964,31,CUT,Casa,4041.76,4,S,2.1,1,1,1,1,0,1,1
214,543,23,CUCBA,Estudio,4581.87,4,No,4.3,4,1,1,0,0,0,1
215,684,20,CUCEA,Estudio,4962.92,3,S,4.3,5,1,0,0,0,1,1
216,916,20,CUT,Departamento,9663.98,4,S,4.1,5,1,1,0,0,1,0
217,868,30,CUCEI,Departamento,16299.7,3,S,4.4,2,0,1,1,1,1,1
218,56,27,CUCEI,Departamento,9805.38,1,S,4.8,5,0,0,1,0,1,0
219,472,30,CUCS,Estudio,8225.28,2,S,2.6,5,0,0,0,0,0,1
220,490,34,CUAAD,Departamento,8029.02,4,S,2.8,2,0,1,1,0,1,0
221,220,32,CUCBA,Departamento,3089.56,1,No,2.3,5,0,1,0,1,0,1
222,838,24,CUCBA,Departamento,9995.99,4,S,2.1,5,0,1,1,1,0,0
223,553,23,CUCBA,Departamento,13191.32,2,No,3.8,5,1,0,1,0,0,1
224,406,34,CUT,Departamento,8701.59,3,S,1.6,5,1,1,0,1,0,0
225,415,33,CUT,Casa,18157.26,3,S,1.3,5,0,0,1,0,1,1
226,895,23,CUT,Casa,11647.69,4,S,4.5,5,0,1,0,0,1,1
227,105,33,CUAAD,Casa,17097.07,3,S,2.2,5,0,0,0,0,0,0
228,6,29,CUAAD,Casa,10720.58,3,No,3.6,5,1,0,0,1,0,1
229,801,18,CUCBA,Casa,14191.44,3,No,1.2,4,0,0,0,0,0,1
230,500,22,CUT,Departamento,19786.07,2,S,2.6,5,0,1,1,1,1,0
231,144,27,CUT,Departamento,18430.05,3,No,4.8,5,0,0,1,0,0,0
232,836,28,CUCBA,Departamento,16680.27,3,No,3.4,5,0,0,1,0,1,1
233,616,33,CUCEA,Departamento,19734.13,3,S,4.3,1,0,1,0,0,1,1
234,117,31,CUCSH,Estudio,19703.57,2,S,1.9,1,0,0,1,0,1,1
235,483,33,CUCEI,Estudio,15868.82,1,S,4.4,5,1,0,0,0,1,0
236,558,31,CUCEA,Estudio,10171.61,2,S,1.5,5,0,1,0,0,1,1
237,605,18,CUCEA,Departamento,6336.51,2,No,4.7,5,0,1,1,1,1,1
238,566,32,CUCSH,Departamento,13755.04,2,No,1.1,5,0,1,1,1,1,1
239,768,28,CUCSH,Estudio,18808.78,4,S,2.1,5,1,0,1,0,0,1
240,445,18,CUCS,Departamento,16599.18,2,S,3.4,5,1,0,0,1,0,1
241,572,23,CUCS,Departamento,9971.04,2,S,3.5,5,1,1,1,1,0,1
242,419,34,CUT,Departamento,4011.08,2,No,1.1,5,0,1,1,0,0,1
243,738,34,CUCBA,Departamento,7018.18,4,No,1.6,1,0,1,1,1,1,0
244,597,18,CUAAD,Estudio,13725.17,4,No,2.6,5,0,1,0,1,1,0
245,404,23,CUCEI,Estudio,4126.09,1,No,4.4,5,1,1,0,1,0,1
246,849,24,CUCSH,Casa,18071.24,3,No,4.4,2,0,1,0,1,0,0
247,807,20,CUAAD,Estudio,4939.4,2,No,4.0,5,0,0,1,0,0,1
248,569,22,CUCBA,Casa,7105.45,4,No,3.4,5,0,1,0,0,1,0
249,342,32,CUCEI,Estudio,17126.92,4,S,3.1,5,0,0,0,1,0,0
250,873,32,CUT,Estudio,13458.66,4,S,1.9,5,0,0,0,0,1,1
251,905,18,CUCBA,Casa,11983.06,1,No,4.6,5,1,1,1,0,0,0
252,236,28,CUAAD,Estudio,18775.19,2,No,4.3,5,0,1,0,0,0,1
253,197,28,CUCS,Casa,15260.14,2,No,4.4,5,0,1,1,1,1,1
254,64,21,CUCS,Departamento,5888.47,3,No,1.6,5,0,1,1,0,1,0
255,425,31,CUCS,Casa,19356.83,2,No,5.0,5,0,1,0,1,1,1
256,627,34,CUCS,Estudio,6416.7,1,S,1.1,2,0,0,0,1,1,0
257,784,26,CUCBA,Departamento,14437.81,4,S,4.7,5,1,1,0,0,1,0
258,786,20,CUCBA,Estudio,3456.2,3,S,2.7,5,1,0,0,0,0,0
259,133,34,CUCEA,Casa,11950.81,1,S,4.1,5,0,1,0,1,1,1
260,394,31,CUCEI,Estudio,7074.55,3,S,4.9,5,1,1,0,0,0,0
261,125,22,CUT,Casa,12780.41,2,S,5.0,5,0,0,0,0,1,0
262,533,34,CUCSH,Casa,12269.94,2,No,3.6,5,1,1,1,0,0,0
263,374,33,CUCEI,Casa,14576.67,1,No,4.1,2,1,0,1,0,0,1
264,242,28,CUCBA,Departamento,6598.02,2,S,1.1,5,1,0,1,1,0,0
265,774,24,CUCS,Estudio,13026.32,1,No,2.6,2,0,1,0,0,0,0
266,23,21,CUCEI,Departamento,7439.59,4,No,1.1,5,1,0,0,0,0,1
267,970,33,CUCS,Casa,14820.21,4,S,2.0,5,1,0,0,1,1,1
268,66,33,CUCBA,Casa,5240.12,4,S,2.8,5,0,1,0,1,0,1
269,623,23,CUCEA,Departamento,12341.72,4,No,1.8,2,1,1,1,0,0,1
270,32,21,CUCS,Estudio,3209.72,2,S,4.9,2,1,0,0,1,1,0
271,921,31,CUCEI,Departamento,17360.32,3,No,4.5,5,0,1,1,1,0,1
272,172,27,CUAAD,Estudio,4327.25,3,S,4.6,3,1,0,1,0,1,1
273,606,18,CUCBA,Departamento,11481.49,3,S,4.8,5,1,1,0,0,0,1
274,912,18,CUCEA,Casa,8578.31,3,S,2.8,1,1,0,1,1,0,0
275,54,32,CUCEI,Departamento,13377.16,4,No,2.1,5,0,0,1,0,0,1
276,518,28,CUCEA,Estudio,13361.47,2,No,2.6,5,0,0,0,1,1,1
277,921,31,CUAAD,Estudio,7993.02,3,No,3.8,5,0,0,0,0,1,0
278,559,27,CUCEA,Casa,6499.67,4,No,2.5,1,0,0,1,0,1,0
279,448,23,CUCEA,Estudio,11415.12,1,No,3.9,5,1,1,1,1,0,0
280,540,24,CUCEA,Departamento,5604.02,4,No,2.8,5,1,1,1,1,1,0
281,600,34,CUT,Departamento,16312.01,1,S,3.7,5,0,0,1,0,1,1
282,775,27,CUT,Casa,13500.58,1,S,4.8,5,1,0,0,1,1,0
283,719,32,CUAAD,Estudio,15647.26,3,S,3.9,5,0,0,0,0,1,0
284,605,24,CUAAD,Departamento,7581.64,3,No,5.0,5,0,0,0,1,1,1
285,470,19,CUCBA,Departamento,17893.53,2,No,1.0,4,0,1,0,0,0,1
286,60,33,CUCEI,Estudio,3630.08,2,No,1.2,5,0,0,1,1,0,0
287,667,34,CUCEI,Casa,18584.77,3,S,3.4,5,0,0,0,0,1,1
288,274,23,CUCEA,Casa,19979.0,2,S,4.1,3,1,0,0,0,0,1
289,243,26,CUCBA,Casa,13388.13,1,S,2.8,5,1,1,0,1,1,1
290,348,31,CUCBA,Estudio,7394.41,3,No,1.7,2,1,0,1,1,1,1
291,515,26,CUCEA,Casa,15552.93,3,S,1.3,5,1,0,1,0,1,1
292,830,32,CUT,Estudio,6020.36,4,S,3.4,5,1,1,1,1,0,0
293,847,18,CUCEI,Departamento,11221.43,1,S,2.4,5,0,1,0,0,0,1
294,523,29,CUCS,Estudio,3478.51,2,No,3.9,5,0,1,1,1,1,0
295,159,25,CUCEA,Estudio,15835.2,4,S,2.1,5,1,1,0,0,0,0
296,639,32,CUT,Departamento,16078.87,2,No,4.3,2,1,1,1,0,1,0
297,80,19,CUAAD,Casa,6953.11,1,S,1.6,5,1,1,1,1,1,0
298,145,32,CUCEA,Estudio,19793.15,1,S,3.1,5,1,0,0,1,1,1
299,214,18,CUT,Casa,19936.16,3,S,3.0,5,1,1,1,1,1,1
300,301,21,CUCEA,Casa,6755.68,2,S,4.4,5,0,1,1,0,1,1
301,714,30,CUT,Casa,12790.71,3,No,1.7,5,1,1,1,1,1,1
302,364,23,CUCBA,Departamento,14125.12,3,No,4.4,5,1,1,0,0,1,0
303,311,27,CUCEI,Casa,5854.03,3,S,4.8,5,1,0,0,1,1,0
304,624,34,CUT,Departamento,18928.41,2,No,1.8,5,0,0,0,0,0,1
305,392,29,CUCEI,Departamento,7881.07,3,S,3.2,5,1,1,0,0,0,1
306,369,19,CUCS,Departamento,19263.0,2,S,1.2,5,1,0,1,1,0,1
307,936,25,CUT,Estudio,7965.76,2,S,2.4,1,0,1,0,0,1,0
308,111,30,CUCS,Estudio,15059.34,1,S,4.4,5,0,1,0,1,1,1
309,184,28,CUCS,Estudio,10741.15,2,No,1.8,5,0,0,1,0,0,0
310,269,26,CUT,Departamento,13291.85,4,No,4.4,5,1,0,1,0,1,0
311,36,20,CUCBA,Estudio,14210.75,1,No,3.4,5,0,1,1,1,1,1
312,756,19,CUT,Departamento,14829.9,2,S,3.8,5,1,0,0,0,0,1
313,597,23,CUCEA,Estudio,15958.83,4,S,2.2,4,1,1,0,1,0,1
314,912,18,CUCEA,Departamento,5552.28,4,No,3.7,5,0,1,1,0,0,1
315,458,23,CUCEI,Departamento,4174.1,3,S,4.9,5,1,0,1,0,1,0
316,140,31,CUCS,Estudio,9521.81,3,S,2.2,5,0,1,1,1,1,1
317,457,23,CUT,Departamento,4920.55,4,S,1.4,5,1,1,1,0,1,0
318,245,18,CUT,Casa,8809.8,2,S,1.3,5,1,0,1,0,1,0
319,382,29,CUCSH,Estudio,8459.34,4,S,4.7,5,0,0,1,0,0,0
320,337,18,CUCS,Departamento,9855.15,4,No,2.3,4,0,0,0,1,1,0
321,482,29,CUCEA,Estudio,9662.67,3,No,2.8,5,0,0,0,1,1,0
322,457,26,CUCS,Estudio,12648.56,4,No,2.9,5,0,1,1,0,1,1
323,921,24,CUCBA,Departamento,13596.79,2,No,2.5,5,1,0,1,0,1,0
324,926,24,CUCEA,Estudio,7268.42,1,S,2.7,5,0,1,0,1,1,0
325,476,32,CUCBA,Departamento,19297.77,3,No,1.4,4,0,1,0,1,0,1
326,993,24,CUT,Estudio,13298.8,1,No,3.7,5,0,1,0,0,1,0
327,808,30,CUCBA,Departamento,8494.76,3,S,4.4,5,1,0,0,1,1,1
328,329,29,CUCEI,Departamento,11664.99,1,S,1.6,1,0,0,1,1,1,1
329,928,28,CUAAD,Departamento,7613.33,4,No,3.7,5,0,0,0,0,1,0
330,696,33,CUCEA,Estudio,12588.51,2,S,2.7,5,1,0,1,1,0,0
331,664,34,CUAAD,Casa,17107.58,1,No,3.5,5,1,1,0,1,1,1
332,776,23,CUAAD,Estudio,11884.64,3,No,2.3,5,1,1,0,1,0,1
333,206,23,CUCEA,Casa,4522.06,1,S,4.1,5,0,0,0,1,1,1
334,80,24,CUCBA,Departamento,12853.72,3,No,2.0,5,0,0,0,0,1,0
335,107,31,CUT,Departamento,6449.37,2,S,2.7,1,1,1,0,1,0,0
336,600,25,CUT,Casa,3482.31,3,No,4.7,5,1,0,1,0,0,0
337,989,19,CUCEI,Estudio,18596.39,4,No,4.8,5,0,0,0,0,1,0
338,758,20,CUAAD,Casa,16794.3,2,S,4.8,5,0,0,0,0,0,0
339,780,27,CUCBA,Estudio,15027.08,1,S,2.8,1,1,1,0,0,0,0
340,706,21,CUCEI,Casa,16393.49,1,S,1.9,5,1,1,1,1,0,0
341,919,27,CUCEI,Departamento,14264.27,4,No,3.3,5,0,0,1,0,0,1
342,760,30,CUCS,Casa,9171.23,2,No,1.5,5,0,1,1,0,0,1
343,383,31,CUAAD,Departamento,4017.96,3,S,4.3,3,1,0,0,1,1,1
344,554,18,CUCEI,Casa,17226.33,4,S,1.5,5,1,0,0,0,0,1
345,681,33,CUCBA,Casa,12562.84,4,No,3.6,5,1,0,0,0,0,1
346,742,29,CUAAD,Casa,18345.42,1,S,2.1,3,0,1,0,0,1,0
347,218,24,CUCEI,Departamento,13489.99,3,S,3.3,5,1,1,1,1,1,1
348,118,22,CUCEA,Departamento,4997.42,4,S,1.9,5,0,1,0,1,0,1
349,399,28,CUCEA,Estudio,18254.15,2,No,3.9,4,1,1,1,1,1,1
350,550,18,CUCBA,Estudio,4671.07,1,No,2.9,5,1,0,1,0,0,1
351,638,23,CUT,Departamento,6066.35,2,S,1.7,2,1,0,0,0,0,1
352,277,32,CUAAD,Estudio,5627.74,4,No,4.4,5,1,0,0,1,0,1
353,315,19,CUT,Departamento,18375.67,2,S,2.3,5,1,1,1,0,0,1
354,579,18,CUCBA,Departamento,11630.22,1,No,3.3,2,0,0,1,0,0,0
355,132,28,CUCS,Estudio,6880.44,4,No,1.4,5,1,0,0,0,0,1
356,310,33,CUCBA,Departamento,7219.88,3,S,2.5,5,1,1,1,0,1,1
357,249,29,CUCSH,Departamento,7708.95,2,S,4.4,5,1,0,1,1,0,0
358,124,32,CUCBA,Casa,16997.52,2,No,4.4,2,0,0,0,0,0,0
359,150,28,CUCEI,Departamento,16855.13,1,No,4.0,5,1,0,1,0,1,0
360,536,34,CUAAD,Departamento,5096.01,4,S,1.8,5,0,0,0,1,1,0
361,420,34,CUCSH,Casa,12052.9,3,S,2.5,5,0,1,1,0,0,1
362,775,18,CUT,Casa,15317.14,4,S,2.9,5,1,0,1,1,0,0
363,360,32,CUCEI,Casa,19224.66,3,S,3.9,5,0,1,1,0,0,1
364,65,29,CUCBA,Estudio,16467.67,4,No,1.8,5,1,0,1,1,1,0
365,371,34,CUCEA,Casa,5409.74,1,S,4.2,5,0,0,1,0,0,1
366,11,19,CUCBA,Departamento,14164.6,2,No,3.3,5,1,1,1,1,1,1
367,32,33,CUCEA,Estudio,10480.83,3,S,1.4,5,1,1,1,0,0,0
368,611,18,CUCSH,Departamento,11473.16,2,S,1.8,5,1,1,1,1,1,0
369,695,20,CUCSH,Departamento,17071.66,3,No,3.8,5,0,1,1,1,0,0
370,208,27,CUCBA,Estudio,13760.99,1,No,3.3,5,1,0,0,1,1,1
371,230,22,CUCSH,Casa,7324.61,1,No,4.8,4,1,0,1,0,1,1
372,251,23,CUT,Estudio,14005.17,4,No,1.7,5,1,1,1,1,0,0
373,381,29,CUAAD,Casa,5859.76,1,No,2.0,5,1,0,1,1,0,1
374,580,21,CUT,Estudio,16631.48,3,No,3.4,5,0,0,0,1,0,0
375,604,23,CUAAD,Departamento,4805.95,1,S,2.6,5,0,0,1,0,0,0
376,775,25,CUT,Estudio,6018.12,2,S,2.8,3,0,0,1,1,0,1
377,583,32,CUT,Casa,10807.92,4,S,1.7,5,0,0,0,0,1,1
378,461,34,CUCEI,Casa,7923.93,1,S,1.6,5,1,0,0,1,0,0
379,454,25,CUCEA,Estudio,15527.46,1,S,3.0,5,0,0,0,1,0,1
380,578,19,CUCBA,Estudio,16827.4,4,No,1.5,5,0,0,1,0,0,1
381,777,28,CUT,Casa,3279.16,1,S,4.5,5,1,0,1,1,0,0
382,771,29,CUCS,Casa,14659.55,3,No,3.6,5,1,0,0,0,1,0
383,123,22,CUCEA,Departamento,9857.5,3,S,2.2,2,0,1,1,0,1,0
384,470,21,CUT,Departamento,18838.43,1,S,3.7,4,1,1,0,1,1,0
385,254,20,CUT,Casa,8559.3,1,No,4.0,5,0,1,0,1,1,0
386,828,34,CUCBA,Casa,8303.72,1,No,4.1,5,1,1,1,0,1,1
387,961,33,CUCEI,Estudio,17315.46,1,No,3.9,5,0,0,0,0,0,1
388,205,21,CUT,Estudio,14591.29,1,No,3.6,5,0,1,1,1,1,0
389,772,31,CUCSH,Estudio,7683.24,3,No,4.5,5,1,1,1,0,0,0
390,80,24,CUCBA,Casa,4543.68,2,No,2.4,5,0,1,0,0,0,1
391,691,29,CUCEI,Casa,10502.67,3,No,2.6,4,0,0,0,0,1,1
392,947,22,CUCS,Casa,4626.69,1,No,1.2,5,0,1,0,0,1,0
393,821,18,CUAAD,Casa,3526.87,4,No,4.7,5,0,0,0,1,0,0
394,482,23,CUCBA,Departamento,3929.79,4,No,4.2,5,1,0,0,0,0,1
395,226,20,CUCSH,Departamento,16644.81,1,No,1.8,2,1,0,1,1,1,0
396,799,18,CUCBA,Casa,18082.57,2,S,4.7,5,0,0,0,1,1,1
397,623,26,CUCEA,Estudio,12874.27,1,S,2.4,5,1,1,0,0,1,0
398,303,32,CUT,Estudio,8533.46,1,S,2.3,5,0,1,0,0,0,0
399,191,23,CUCEI,Estudio,18113.56,4,No,4.5,5,1,0,1,1,1,1
400,144,18,CUCEI,Departamento,16825.83,1,No,3.1,5,1,0,1,1,0,0
401,202,31,CUCS,Casa,6599.87,3,No,2.3,3,1,1,1,1,1,1
402,781,19,CUAAD,Departamento,15238.36,2,S,1.6,5,0,0,1,1,0,0
403,40,32,CUCS,Estudio,9813.53,1,S,2.6,5,0,0,1,1,1,0
404,200,18,CUCEA,Estudio,15483.48,3,S,3.5,5,1,1,0,1,1,1
405,605,27,CUAAD,Departamento,8226.72,3,No,3.9,5,0,0,0,1,0,1
406,646,30,CUCS,Departamento,17607.14,4,No,3.1,5,0,0,0,1,1,1
407,511,29,CUCBA,Departamento,18843.0,3,No,3.3,5,0,0,1,1,1,1
408,451,19,CUCSH,Estudio,15615.79,1,No,4.2,5,0,0,1,0,1,0
409,208,31,CUCS,Estudio,17979.56,3,S,4.0,2,1,1,1,1,1,1
410,679,33,CUAAD,Casa,4440.98,1,No,3.0,5,1,1,0,1,1,0
411,73,30,CUCS,Casa,5842.73,2,S,4.0,5,1,0,0,1,1,0
412,246,28,CUCEA,Casa,4632.66,1,No,2.9,5,1,1,1,0,1,0
413,57,18,CUCEA,Departamento,7606.65,3,S,2.9,5,0,1,0,0,1,0
414,114,32,CUCEI,Departamento,8573.88,4,No,2.6,5,1,1,0,0,1,1
415,769,32,CUCEI,Casa,4862.19,2,No,4.1,5,1,0,0,0,0,0
416,61,29,CUT,Departamento,9096.28,4,No,1.6,5,0,0,1,0,1,1
417,972,24,CUCBA,Estudio,4655.6,2,No,4.6,1,0,1,0,1,1,0
418,847,26,CUCSH,Departamento,16335.88,3,S,4.0,5,1,0,1,0,1,1
419,940,33,CUCEA,Estudio,15079.77,4,No,4.9,5,0,1,1,0,1,1
420,151,21,CUCEI,Departamento,5771.43,2,S,4.7,2,1,0,0,0,1,1
421,65,31,CUCBA,Casa,4306.22,2,No,2.0,5,1,0,0,1,0,1
422,630,33,CUCEI,Departamento,18181.43,3,S,3.4,5,0,0,1,0,1,1
423,281,29,CUCS,Estudio,6305.15,4,No,4.9,1,0,0,1,0,1,1
424,563,32,CUCS,Estudio,7199.44,4,No,2.2,5,1,0,0,0,1,0
425,733,27,CUAAD,Estudio,6402.23,2,No,3.8,5,1,0,1,1,1,0
426,260,20,CUCEA,Casa,4927.01,2,No,3.0,5,1,0,0,0,1,1
427,1000,18,CUAAD,Departamento,3971.99,4,S,1.7,5,1,0,0,1,1,0
428,558,34,CUCS,Casa,3919.61,3,S,3.7,5,1,1,0,0,0,1
429,670,26,CUCBA,Estudio,7634.06,3,S,4.7,5,0,0,0,1,0,0
430,619,33,CUCS,Departamento,16077.0,2,No,2.0,3,1,1,0,1,0,1
431,26,33,CUCSH,Departamento,16344.53,4,S,1.9,5,1,1,1,1,0,0
432,548,27,CUCS,Casa,10523.74,4,No,3.0,5,1,0,1,0,0,0
433,923,31,CUCS,Estudio,9683.69,3,No,5.0,5,0,0,1,0,1,0
434,343,32,CUCEI,Departamento,16492.87,4,No,4.8,5,0,0,1,1,1,0
435,152,29,CUCSH,Departamento,13967.25,2,S,2.0,5,0,0,0,1,0,0
436,963,27,CUCBA,Estudio,3554.93,4,S,2.7,5,0,1,1,0,1,0
437,45,30,CUCS,Casa,11041.14,4,S,3.8,5,0,0,0,1,0,0
438,197,20,CUCSH,Estudio,10285.16,1,S,1.3,5,1,0,1,1,0,1
439,825,32,CUCEA,Casa,14932.33,2,No,4.2,5,0,1,1,0,0,1
440,81,26,CUT,Estudio,16338.33,4,S,2.9,4,0,1,0,1,1,1
441,869,21,CUCS,Departamento,14630.65,3,S,2.5,5,1,1,0,1,0,0
442,670,26,CUT,Casa,12409.82,1,No,4.3,5,0,0,0,0,0,1
443,460,23,CUCS,Casa,13579.27,3,No,4.9,5,1,1,1,0,0,0
444,914,34,CUCEI,Casa,8692.36,1,S,2.9,5,0,1,0,1,0,1
445,229,22,CUT,Estudio,4183.29,4,No,4.4,5,1,1,0,0,0,0
446,919,21,CUCBA,Casa,8515.27,2,No,1.9,5,1,0,1,0,0,0
447,195,33,CUAAD,Departamento,11720.85,1,No,2.0,5,0,1,1,0,0,1
448,837,22,CUT,Estudio,9356.35,3,S,1.2,5,0,1,0,0,1,0
449,368,20,CUCBA,Estudio,3418.42,3,S,2.3,5,1,1,0,1,1,1
450,510,22,CUCEA,Departamento,3675.72,1,S,1.3,5,1,0,0,0,1,0
451,559,26,CUCSH,Casa,16651.12,4,No,1.4,5,1,0,0,0,1,1
452,451,30,CUCEA,Estudio,15131.23,4,No,4.7,5,1,1,1,1,1,1
453,20,25,CUCS,Estudio,19723.73,3,No,4.1,5,0,0,0,1,1,0
454,182,29,CUCS,Departamento,4198.79,4,S,1.0,5,0,0,0,0,0,1
455,220,33,CUCBA,Estudio,9203.61,3,No,3.6,5,0,1,1,0,1,1
456,230,22,CUT,Estudio,14153.41,1,S,4.5,5,1,1,0,1,0,0
457,972,27,CUCEA,Estudio,5251.24,2,No,4.9,5,0,0,1,0,0,0
458,865,20,CUCS,Departamento,12592.65,3,No,1.9,5,1,0,1,0,0,1
459,50,18,CUCEA,Departamento,14755.22,4,No,4.7,1,1,0,1,1,1,1
460,468,32,CUCBA,Departamento,10124.24,3,No,2.7,1,0,1,0,1,0,0
461,418,18,CUT,Casa,7402.62,4,No,1.2,4,0,0,0,1,1,1
462,893,18,CUCEA,Departamento,17612.41,3,No,2.0,5,1,1,1,1,0,0
463,445,21,CUAAD,Departamento,14375.71,1,S,2.8,5,0,0,0,0,1,1
464,396,31,CUT,Casa,10310.01,4,S,3.6,5,0,1,0,1,1,1
465,452,30,CUCS,Estudio,3106.36,4,S,4.0,5,0,1,0,1,0,0
466,965,24,CUCBA,Casa,19731.53,2,No,2.6,4,0,1,1,0,0,0
467,661,32,CUCEI,Estudio,19542.34,1,S,4.7,5,1,0,0,1,1,1
468,679,32,CUCS,Departamento,18787.7,3,No,3.6,5,1,0,1,0,0,0
469,554,34,CUT,Estudio,17594.44,4,No,4.6,5,0,0,1,0,1,0
470,111,23,CUCSH,Estudio,12059.55,2,No,4.9,5,1,1,0,1,0,0
471,900,32,CUCS,Departamento,14749.73,1,S,3.2,3,1,1,0,1,0,0
472,379,34,CUCS,Estudio,9674.66,2,No,4.7,1,0,1,1,0,1,0
473,817,19,CUCS,Casa,3333.79,4,S,1.7,5,0,1,1,0,0,1
474,730,29,CUCEA,Estudio,18355.57,3,No,2.7,5,0,0,1,0,0,0
475,444,18,CUT,Departamento,12751.23,3,S,3.9,5,0,0,1,0,0,0
476,735,18,CUAAD,Estudio,16362.99,2,S,3.5,5,0,1,1,1,0,1
477,440,27,CUT,Departamento,10398.77,4,S,2.7,5,1,0,0,0,1,1
478,590,24,CUCSH,Casa,19097.87,2,No,2.3,5,1,1,0,0,0,1
479,799,27,CUCBA,Casa,16187.83,4,No,3.2,5,1,0,1,0,1,0
480,627,30,CUCEI,Departamento,8085.85,4,S,3.7,2,1,1,1,0,1,1
481,289,29,CUAAD,Estudio,15233.79,2,S,3.6,3,1,0,0,0,0,1
482,503,18,CUCBA,Casa,8211.17,2,S,3.2,4,1,0,1,0,1,1
483,506,32,CUAAD,Casa,9582.29,4,No,2.1,4,0,1,1,0,1,0
484,659,27,CUT,Estudio,9615.7,2,No,3.1,5,0,1,1,0,0,1
485,647,22,CUCEA,Estudio,10402.91,2,S,4.1,1,0,1,1,0,0,0
486,398,25,CUCEA,Estudio,6416.13,2,S,1.6,5,0,1,0,1,0,1
487,752,34,CUCS,Departamento,16337.2,3,No,3.6,5,1,1,1,0,1,0
488,825,30,CUCEI,Departamento,9973.44,3,No,4.4,5,0,0,0,1,0,1
489,107,33,CUCSH,Estudio,5085.67,1,S,1.1,5,1,1,0,0,0,1
490,135,24,CUCEI,Departamento,15154.2,3,S,2.0,2,0,0,1,1,1,1
491,799,32,CUCS,Casa,11176.44,1,No,4.7,5,0,1,1,1,0,1
492,196,29,CUT,Casa,12015.51,1,S,1.7,5,0,1,1,0,0,0
493,871,21,CUCS,Casa,6337.37,2,S,1.1,5,0,1,0,1,1,1
494,1,31,CUT,Casa,3785.02,1,No,1.2,5,1,1,1,0,0,0
495,864,24,CUCEA,Estudio,6009.04,1,No,2.6,5,1,1,1,0,0,0
496,488,18,CUCEI,Casa,6678.4,1,S,2.5,5,1,1,1,1,0,0
497,880,34,CUCSH,Estudio,10789.25,3,No,2.5,5,1,0,1,1,1,0
498,234,20,CUCBA,Departamento,8908.04,4,S,4.9,5,1,1,1,0,0,0
499,737,19,CUCEA,Casa,17211.54,3,S,4.2,5,1,0,0,1,1,0
500,920,30,CUCEA,Departamento,6420.92,4,No,1.6,5,1,0,1,1,0,1
501,394,18,CUT,Casa,14800.02,3,No,3.2,5,0,1,0,1,0,1
502,709,33,CUT,Estudio,13074.24,3,S,4.3,5,1,1,0,0,0,1
503,294,21,CUCSH,Departamento,5486.72,2,S,3.4,5,0,0,1,0,1,1
504,789,32,CUCS,Departamento,19878.39,3,No,3.2,5,1,1,1,0,1,1
505,680,27,CUT,Casa,7319.85,3,S,4.5,5,1,1,0,1,0,1
506,873,34,CUAAD,Departamento,9286.65,3,S,2.3,5,0,0,1,1,0,0
507,569,32,CUCEA,Departamento,12981.68,1,S,2.8,5,0,1,0,1,1,0
508,270,26,CUCEA,Estudio,5501.35,4,No,4.4,5,0,0,0,1,1,0
509,408,19,CUCBA,Estudio,9882.77,3,No,2.7,5,0,1,0,0,0,0
510,39,19,CUCEA,Casa,16759.01,3,No,2.6,5,0,1,1,1,1,0
511,569,22,CUCBA,Estudio,9635.86,2,S,4.6,5,0,0,0,0,0,1
512,169,26,CUAAD,Departamento,8611.46,1,S,3.4,1,0,1,0,0,0,0
513,64,23,CUCSH,Casa,16296.63,2,S,4.0,5,0,0,1,0,1,0
514,100,28,CUCSH,Departamento,18576.57,2,S,2.3,5,0,1,1,1,1,0
515,848,27,CUCBA,Casa,7944.33,3,No,1.5,5,1,0,0,1,1,1
516,239,31,CUCEI,Estudio,3098.73,1,S,1.6,5,1,0,1,1,0,0
517,270,24,CUCSH,Departamento,5673.76,1,S,2.3,5,0,1,0,0,1,0
518,239,32,CUCEI,Estudio,4780.6,1,S,3.2,1,1,0,1,0,0,0
519,496,20,CUCEI,Departamento,18787.58,3,S,1.7,5,0,1,0,1,0,1
520,1000,19,CUAAD,Departamento,6992.67,2,S,3.4,4,1,0,0,1,1,1
521,592,23,CUCSH,Departamento,4240.17,1,S,4.8,5,0,0,1,0,1,1
522,998,24,CUCEA,Departamento,8328.92,1,S,1.4,5,1,1,0,1,1,1
523,706,29,CUAAD,Casa,16512.84,2,S,3.9,2,0,1,1,0,1,0
524,73,28,CUCBA,Casa,7919.59,2,No,4.1,5,0,0,1,1,0,1
525,709,18,CUCEI,Departamento,7822.94,2,S,4.7,5,1,1,0,0,0,1
526,202,26,CUCS,Departamento,9777.19,3,S,2.3,3,0,1,0,0,0,1
527,686,19,CUCBA,Departamento,13933.78,1,No,2.2,5,0,1,0,0,1,1
528,346,27,CUCEI,Casa,18298.01,4,S,2.5,5,0,0,0,0,1,1
529,97,24,CUT,Departamento,11202.53,1,No,1.5,1,1,0,1,0,0,0
530,309,27,CUCEI,Departamento,9441.26,4,No,3.7,5,0,1,1,1,0,1
531,62,21,CUAAD,Departamento,9554.61,1,No,3.4,5,0,0,1,1,1,1
532,847,30,CUCSH,Departamento,17148.35,1,S,4.9,5,0,0,0,0,0,0
533,361,19,CUCEA,Departamento,18080.24,1,No,1.9,5,1,1,1,1,1,1
534,784,33,CUT,Departamento,9369.45,3,S,2.6,2,1,1,0,0,0,0
535,889,28,CUCEI,Departamento,17336.4,1,No,3.8,5,1,1,0,1,1,0
536,736,22,CUCS,Casa,7719.1,4,S,2.5,5,0,0,0,0,0,1
537,87,24,CUCBA,Casa,6722.69,1,S,2.6,5,0,0,0,0,1,1
538,345,34,CUCEI,Departamento,8577.99,2,S,2.2,5,1,0,1,1,0,1
539,262,21,CUCBA,Departamento,4618.8,4,No,3.9,5,1,0,0,0,1,0
540,233,18,CUT,Departamento,6076.39,1,No,1.3,5,1,1,0,0,1,0
541,728,25,CUCS,Departamento,15435.4,2,S,2.7,5,0,1,0,1,0,1
542,939,21,CUAAD,Departamento,15576.89,1,S,2.6,3,0,1,0,1,0,0
543,536,26,CUCSH,Casa,4230.37,3,No,4.8,5,1,1,0,0,1,0
544,292,34,CUCEA,Casa,16013.0,1,No,2.2,5,0,0,1,1,1,1
545,793,31,CUAAD,Departamento,9378.24,2,S,4.0,5,0,1,1,1,0,0
546,879,18,CUCEI,Estudio,7186.77,4,No,3.6,5,0,0,0,1,0,0
547,811,27,CUCBA,Departamento,8637.08,2,No,3.7,5,0,1,0,1,0,0
548,169,32,CUT,Casa,10651.83,2,No,4.3,5,1,1,1,0,0,1
549,339,24,CUCBA,Departamento,5868.38,4,S,4.2,5,1,1,1,1,1,1
550,696,26,CUCBA,Casa,5992.99,4,No,1.3,5,0,0,1,1,0,1
551,659,32,CUCBA,Estudio,14150.67,2,No,2.7,5,0,1,1,1,1,1
552,429,24,CUCEA,Departamento,17892.24,1,No,1.1,3,0,0,0,0,0,0
553,780,33,CUCEI,Estudio,13540.89,3,S,1.7,5,0,1,0,1,1,0
554,870,23,CUAAD,Estudio,6079.52,4,S,2.1,5,0,1,0,1,0,0
555,869,29,CUCSH,Estudio,8472.18,3,No,2.8,5,1,1,1,0,0,1
556,157,19,CUCEA,Departamento,6594.72,1,No,2.1,5,0,1,1,1,0,0
557,578,25,CUCEA,Estudio,5135.74,1,S,2.6,2,0,1,0,0,1,0
558,223,19,CUAAD,Estudio,12924.77,2,S,4.0,5,0,0,1,0,1,0
559,305,20,CUCEI,Estudio,14415.66,1,No,1.0,5,0,1,1,0,0,1
560,380,23,CUAAD,Casa,5871.41,1,No,4.7,3,1,1,0,1,1,0
561,80,26,CUCEA,Departamento,17854.82,3,S,3.4,5,0,0,0,1,0,0
562,788,27,CUCEI,Estudio,8987.32,1,S,4.3,5,1,1,1,0,0,1
563,175,21,CUT,Departamento,6201.58,1,No,2.5,5,1,1,0,1,0,1
564,227,19,CUCEA,Estudio,18435.3,4,No,1.7,5,0,1,1,1,0,0
565,925,18,CUCS,Casa,7730.02,3,S,3.5,5,0,1,1,0,0,0
566,471,30,CUT,Departamento,5661.78,1,S,1.3,5,1,0,1,0,0,0
567,499,19,CUCSH,Departamento,10372.35,1,S,1.7,3,1,1,0,1,0,0
568,852,26,CUCS,Casa,7004.04,1,No,1.2,5,0,1,0,1,1,0
569,308,31,CUCEA,Departamento,4018.73,1,S,1.6,5,1,0,1,0,0,1
570,98,24,CUCBA,Casa,8771.3,4,No,1.7,5,1,0,1,0,1,1
571,828,33,CUCEA,Estudio,14269.97,2,No,3.0,1,0,0,0,1,1,0
572,676,26,CUCBA,Departamento,5567.2,1,S,2.2,5,1,0,0,0,0,1
573,397,20,CUCEI,Departamento,7260.42,3,No,3.6,5,0,1,1,1,1,1
574,556,26,CUCSH,Casa,3531.09,1,S,1.1,5,0,0,1,1,1,1
575,675,18,CUAAD,Departamento,19480.96,4,No,1.1,5,0,0,0,1,1,1
576,176,19,CUCEI,Casa,13833.63,2,No,3.2,5,1,0,1,1,1,1
577,92,25,CUCBA,Departamento,19600.6,3,S,3.1,4,0,1,1,0,1,0
578,105,20,CUT,Casa,12388.83,3,S,4.1,5,0,1,0,1,1,0
579,264,22,CUCSH,Departamento,12201.5,1,No,4.0,5,1,0,0,0,0,0
580,301,24,CUCBA,Estudio,9060.72,2,S,2.4,1,1,1,1,0,0,0
581,565,26,CUCBA,Departamento,7542.18,2,No,4.4,5,1,1,1,1,1,0
582,960,22,CUT,Casa,10134.65,4,S,2.3,5,1,1,0,1,1,1
583,155,27,CUCEI,Estudio,9217.41,4,No,4.4,1,1,0,0,0,1,1
584,399,30,CUT,Estudio,3608.04,4,No,1.4,5,1,0,0,1,0,1
585,539,31,CUCEA,Estudio,18234.76,3,No,1.6,5,1,1,0,1,0,0
586,584,20,CUCS,Estudio,13598.85,1,S,4.5,5,0,0,0,1,1,0
587,133,25,CUAAD,Departamento,6408.91,1,S,3.6,5,0,0,1,1,1,0
588,345,26,CUCS,Casa,8627.23,3,No,4.2,5,0,0,1,0,0,0
589,910,23,CUAAD,Casa,14309.81,4,No,2.5,5,1,0,0,1,1,1
590,389,27,CUCS,Estudio,11876.36,4,S,4.7,5,0,0,0,0,0,0
591,953,26,CUCSH,Casa,15646.56,1,S,1.2,5,1,0,1,1,1,1
592,11,25,CUT,Estudio,3424.8,1,S,3.0,5,1,0,1,0,0,1
593,498,23,CUCBA,Casa,9513.85,4,No,4.6,5,0,1,1,0,1,0
594,14,24,CUAAD,Casa,5388.68,1,No,4.3,5,1,1,0,0,1,1
595,576,28,CUCEI,Casa,17949.58,2,S,1.4,5,1,0,1,1,1,1
596,884,20,CUCEA,Departamento,3945.36,1,S,1.7,5,0,0,1,0,1,1
597,695,30,CUCEA,Estudio,4464.0,4,S,2.4,3,0,0,1,1,0,1
598,617,30,CUCEI,Departamento,13307.57,3,S,2.2,2,1,0,1,0,0,0
599,737,20,CUCBA,Estudio,11938.22,4,No,4.8,5,1,1,0,1,1,0
600,313,26,CUCEI,Estudio,9376.43,3,No,2.5,5,0,1,0,0,0,1
601,144,30,CUAAD,Estudio,9039.73,3,No,4.9,5,0,1,0,0,1,0
602,819,34,CUCSH,Departamento,5674.04,2,S,4.0,5,1,1,0,0,1,1
603,330,25,CUCSH,Casa,3699.54,4,No,1.1,5,1,0,0,0,0,0
604,87,33,CUAAD,Departamento,14149.26,4,S,4.3,5,1,1,1,1,1,0
605,414,28,CUCEA,Departamento,19026.46,2,No,3.0,3,0,1,1,1,1,0
606,978,22,CUAAD,Estudio,6575.42,3,No,3.9,4,0,0,1,1,1,0
607,872,26,CUCSH,Departamento,6674.38,2,S,4.8,5,0,0,1,1,0,1
608,217,34,CUCS,Departamento,11528.93,4,S,4.3,5,0,0,0,0,1,1
609,799,23,CUCS,Departamento,11186.89,3,S,4.4,5,0,1,1,0,0,1
610,58,29,CUCEI,Casa,18069.57,3,No,4.2,5,0,0,1,0,1,0
611,604,24,CUCBA,Casa,9441.32,3,No,2.8,5,1,0,0,0,0,0
612,496,22,CUCEI,Departamento,18799.49,3,No,5.0,5,0,1,1,1,1,1
613,99,29,CUAAD,Casa,16442.75,1,No,2.4,5,1,0,1,0,1,0
614,859,31,CUT,Estudio,11492.0,2,No,1.9,3,1,0,0,0,1,1
615,200,27,CUCBA,Estudio,8207.16,4,No,2.2,1,1,0,0,1,0,0
616,562,20,CUCSH,Estudio,13580.83,4,S,4.5,2,0,0,0,1,0,1
617,479,20,CUCS,Casa,11677.61,4,S,4.1,5,0,0,0,0,1,1
618,95,25,CUCEI,Estudio,16293.46,1,S,4.8,5,1,0,0,1,1,1
619,311,27,CUCEA,Casa,12651.66,2,S,3.4,5,0,0,1,0,1,0
620,721,34,CUCS,Casa,14055.18,1,S,1.7,1,0,0,1,0,0,0
621,941,22,CUT,Estudio,12977.38,2,S,4.3,5,0,0,1,1,1,1
622,286,29,CUCSH,Departamento,6182.22,1,No,3.5,5,0,0,1,1,1,0
623,417,22,CUCEA,Casa,5310.45,3,No,4.3,5,0,1,1,0,0,0
624,306,31,CUAAD,Casa,6264.4,4,S,2.0,5,1,0,1,0,1,1
625,740,19,CUCS,Departamento,8588.71,1,S,3.8,5,1,1,0,0,0,1
626,932,26,CUCEA,Departamento,18434.82,1,S,3.7,5,1,1,0,1,1,1
627,817,20,CUCEA,Estudio,15297.46,1,No,4.0,5,1,0,0,0,0,0
628,252,28,CUT,Departamento,3971.74,4,S,4.9,5,1,0,0,1,0,0
629,449,19,CUCEA,Casa,18884.86,3,No,4.5,5,1,1,0,0,1,1
630,484,20,CUAAD,Departamento,9254.19,1,S,1.5,5,1,1,1,0,1,1
631,443,30,CUT,Departamento,19360.1,4,S,2.1,5,0,0,0,0,0,1
632,378,18,CUCBA,Casa,13781.69,3,No,2.4,5,0,0,1,1,1,1
633,268,22,CUCEA,Casa,18996.2,4,S,4.9,5,1,1,1,1,0,1
634,957,32,CUCSH,Casa,7640.75,4,No,4.0,5,0,0,0,1,0,1
635,116,33,CUCBA,Estudio,9899.46,4,S,1.6,5,1,0,0,1,1,1
636,734,18,CUCEI,Estudio,14347.5,3,No,2.3,5,1,1,1,0,1,0
637,914,19,CUAAD,Departamento,5879.42,2,S,2.9,5,0,0,0,0,0,0
638,761,18,CUT,Casa,11697.6,4,S,4.0,5,0,1,1,1,0,1
639,223,30,CUT,Departamento,4144.68,4,S,1.8,5,1,1,0,0,1,1
640,755,30,CUT,Casa,14458.33,3,No,1.1,5,0,1,0,1,1,0
641,929,28,CUCEI,Departamento,13093.75,4,No,4.6,1,0,0,1,0,1,0
642,415,33,CUCSH,Departamento,18865.68,4,No,4.9,5,1,0,1,0,1,1
643,863,24,CUCEI,Casa,13610.78,4,S,3.9,5,0,0,0,0,1,1
644,296,32,CUT,Departamento,3211.34,2,S,2.0,5,1,0,1,1,0,1
645,876,22,CUCBA,Casa,9210.72,4,No,3.2,5,1,1,1,1,1,0
646,43,28,CUCS,Departamento,13302.04,3,S,3.5,5,0,0,1,1,0,0
647,592,18,CUCEI,Departamento,9476.68,4,No,3.1,5,1,0,0,0,1,0
648,813,20,CUCS,Casa,18773.54,3,No,1.3,5,1,1,1,1,0,0
649,307,22,CUCS,Casa,18127.45,4,S,4.3,5,1,1,1,0,0,1
650,720,24,CUCSH,Estudio,14673.85,2,S,1.3,5,0,0,0,1,1,0
651,415,26,CUCEI,Estudio,19889.31,3,No,4.9,5,0,0,0,1,0,1
652,130,29,CUCEI,Estudio,11986.9,1,S,4.9,5,0,0,0,0,1,0
653,940,21,CUAAD,Departamento,13957.15,3,S,2.5,5,0,1,0,0,1,0
654,262,24,CUCBA,Estudio,3265.76,2,S,2.9,4,1,1,1,1,0,0
655,618,18,CUCSH,Departamento,14144.43,1,S,2.1,2,0,0,1,0,1,0
656,810,18,CUCEA,Casa,10944.0,3,S,1.6,5,0,0,1,1,1,1
657,988,24,CUCS,Estudio,9873.28,1,No,2.5,4,0,1,0,1,0,1
658,408,29,CUCBA,Departamento,7206.1,1,S,2.6,5,1,0,0,1,1,1
659,911,26,CUCEI,Estudio,7216.12,2,No,1.8,5,1,0,1,1,1,1
660,87,19,CUCEA,Estudio,19213.44,1,No,3.9,5,1,1,1,0,0,1
661,211,25,CUCS,Estudio,7945.98,2,S,1.8,5,0,1,0,0,0,0
662,717,24,CUT,Departamento,13039.85,1,S,2.1,5,1,1,0,1,0,0
663,570,29,CUCEA,Estudio,4813.66,2,S,4.0,5,0,0,0,1,1,1
664,333,30,CUAAD,Casa,6266.74,1,S,4.8,5,1,1,1,1,1,1
665,300,33,CUCS,Departamento,17700.67,4,S,2.2,5,0,0,1,0,0,1
666,634,22,CUCEA,Casa,16271.53,4,S,2.3,5,1,1,1,0,0,1
667,842,22,CUT,Departamento,3255.34,3,No,3.8,5,1,1,0,0,1,1
668,207,26,CUCS,Departamento,13719.96,2,No,1.8,5,0,0,0,1,1,1
669,361,22,CUCBA,Departamento,13046.94,3,S,4.5,5,1,1,1,0,0,0
670,992,30,CUT,Casa,15390.95,4,No,2.1,5,0,1,0,0,1,1
671,567,24,CUCSH,Departamento,18532.51,3,S,2.8,5,1,0,1,0,1,1
672,984,32,CUCSH,Departamento,10489.17,2,No,2.7,5,0,0,0,0,0,1
673,520,21,CUCBA,Estudio,7591.42,4,No,2.8,2,0,1,0,1,1,0
674,98,21,CUCSH,Estudio,15437.29,2,S,3.5,5,1,0,1,1,1,1
675,940,27,CUCS,Casa,16382.13,2,No,1.7,5,1,1,0,1,0,1
676,601,27,CUAAD,Estudio,17058.05,3,S,1.9,5,1,1,0,0,1,0
677,444,23,CUT,Casa,17455.18,1,S,2.1,5,1,0,0,1,0,0
678,387,22,CUT,Casa,7060.63,2,No,1.8,5,0,1,0,1,0,0
679,251,33,CUCSH,Estudio,19199.87,3,S,5.0,5,1,1,0,1,0,0
680,209,26,CUCBA,Estudio,8059.75,3,S,4.1,5,1,1,0,0,1,0
681,887,28,CUCEI,Casa,13602.14,3,S,2.1,5,0,0,1,0,0,0
682,357,27,CUCEI,Estudio,13797.64,4,No,4.2,5,0,0,0,1,1,0
683,574,29,CUT,Estudio,9707.61,3,S,4.7,5,0,0,0,0,1,0
684,570,19,CUCEA,Estudio,16055.76,1,No,2.1,5,0,1,1,0,0,1
685,296,30,CUCEI,Casa,7293.59,3,S,1.9,5,1,0,0,1,1,0
686,875,29,CUT,Departamento,15376.82,1,S,4.8,5,0,1,1,1,1,1
687,466,34,CUCSH,Departamento,15990.6,1,S,4.3,5,1,0,1,0,0,0
688,218,18,CUAAD,Estudio,19300.56,4,No,1.3,5,1,0,1,0,0,1
689,286,21,CUAAD,Departamento,15772.99,4,S,3.7,5,0,0,0,1,1,1
690,589,20,CUCEA,Departamento,17654.74,1,No,4.3,5,1,1,1,0,1,1
691,222,31,CUCEI,Departamento,19226.61,4,No,3.7,1,0,0,0,1,0,0
692,906,27,CUT,Casa,10412.99,3,S,4.7,5,1,0,1,0,1,1
693,947,18,CUT,Departamento,16510.49,2,No,2.8,5,1,1,0,0,0,1
694,890,19,CUCS,Departamento,11595.43,3,No,3.8,5,1,0,0,1,0,0
695,469,28,CUCEA,Casa,12671.49,2,No,1.4,5,0,0,0,1,1,1
696,418,19,CUCS,Casa,13055.58,1,No,3.4,2,0,0,0,0,0,1
697,850,24,CUCS,Departamento,10558.5,3,No,3.8,5,1,0,0,0,0,0
698,299,19,CUCEA,Casa,11976.25,2,No,1.5,5,0,1,0,1,0,1
699,272,18,CUCBA,Casa,10889.38,4,S,4.5,5,1,1,1,0,1,1
700,983,26,CUCEA,Estudio,15762.5,4,S,2.6,5,1,1,1,1,0,0
701,941,32,CUCEI,Departamento,8129.73,1,S,3.8,5,1,1,0,0,1,0
702,778,22,CUCEA,Estudio,9531.45,4,S,3.2,5,1,0,1,1,1,1
703,496,29,CUCEI,Departamento,5354.42,1,No,1.8,5,1,0,1,1,0,1
704,570,20,CUT,Departamento,13258.4,4,S,1.8,1,1,1,1,0,1,1
705,510,21,CUCEA,Departamento,15090.62,1,No,3.5,2,1,0,0,0,1,1
706,107,18,CUCEI,Departamento,7175.36,3,No,3.3,3,0,1,1,0,0,0
707,949,23,CUT,Casa,13962.06,4,No,3.6,5,0,0,1,1,0,0
708,716,21,CUCS,Departamento,12306.67,3,S,5.0,2,1,0,1,1,1,1
709,648,32,CUCEI,Departamento,17439.26,2,No,1.1,5,0,0,1,0,1,0
710,345,21,CUCBA,Departamento,7265.21,4,No,3.1,5,1,1,1,0,0,0
711,645,32,CUCSH,Casa,10978.19,4,No,2.1,5,1,0,0,0,0,1
712,54,31,CUCSH,Estudio,15161.0,1,S,3.0,5,0,1,0,0,0,0
713,872,20,CUAAD,Departamento,7124.58,4,No,3.2,5,0,0,1,1,1,0
714,392,24,CUCEA,Casa,4712.76,1,S,2.9,5,1,1,0,0,0,1
715,965,25,CUCS,Estudio,5812.9,2,S,1.3,5,1,0,1,0,1,1
716,473,34,CUCS,Estudio,4900.37,3,No,1.6,1,0,1,1,0,0,0
717,408,28,CUCBA,Casa,17908.52,3,S,2.1,5,0,0,1,0,0,0
718,489,27,CUCEA,Casa,8929.59,4,S,4.0,5,1,0,0,1,1,0
719,228,22,CUCSH,Casa,13826.55,4,No,4.3,5,1,1,1,1,1,0
720,195,18,CUCEA,Casa,14898.85,3,S,3.4,5,0,0,0,1,0,1
721,811,21,CUAAD,Estudio,7427.84,2,No,2.0,4,1,0,0,0,1,1
722,76,24,CUCEA,Casa,19380.34,1,S,3.6,5,0,0,0,0,1,1
723,795,25,CUAAD,Estudio,12184.27,2,No,3.4,5,0,1,1,1,1,1
724,490,27,CUAAD,Departamento,3492.59,4,S,2.0,5,0,1,0,1,1,0
725,349,28,CUAAD,Estudio,12978.22,4,No,2.6,5,1,1,1,1,0,1
726,722,22,CUCEI,Departamento,5173.29,2,S,1.4,5,1,1,1,0,0,0
727,530,19,CUCBA,Departamento,10388.33,4,S,4.8,5,1,0,0,0,0,1
728,34,28,CUCEA,Estudio,17481.91,3,S,3.5,5,1,0,1,0,0,0
729,347,25,CUT,Departamento,17028.3,2,No,3.2,5,1,0,0,0,0,1
730,746,25,CUT,Casa,13646.62,1,S,4.9,5,0,1,0,0,1,1
731,588,21,CUT,Casa,17029.68,2,No,4.7,5,0,0,1,0,1,0
732,623,32,CUCSH,Estudio,10657.97,4,S,2.6,5,1,0,0,1,1,1
733,784,21,CUCSH,Casa,16213.76,1,S,3.1,5,1,0,1,0,1,0
734,101,24,CUCEI,Estudio,11400.6,2,S,3.8,5,1,1,1,0,0,0
735,894,29,CUCEA,Departamento,15033.66,1,No,1.3,5,0,0,1,1,0,1
736,973,21,CUT,Casa,9955.65,1,No,1.7,5,0,1,1,0,0,0
737,281,27,CUCEA,Estudio,19967.35,3,No,4.6,3,0,0,0,1,0,0
738,201,31,CUT,Estudio,15515.18,3,No,3.5,4,0,1,0,1,0,1
739,777,19,CUCS,Casa,15322.84,3,No,1.5,5,1,0,0,0,0,1
740,337,26,CUCEI,Estudio,19483.87,4,S,2.1,5,1,0,1,1,1,1
741,681,33,CUCSH,Casa,10933.26,2,S,3.0,5,1,0,1,0,0,1
742,825,28,CUCEA,Estudio,12499.49,3,No,1.5,5,0,0,1,0,1,0
743,944,22,CUCS,Departamento,4907.25,1,S,3.8,5,1,1,0,0,1,0
744,957,29,CUCSH,Casa,16421.88,1,S,2.2,5,0,0,1,0,1,1
745,354,30,CUCEA,Casa,19840.4,3,S,2.8,5,1,0,1,1,0,0
746,321,25,CUCEA,Departamento,13660.42,4,No,3.3,3,1,0,0,0,1,0
747,594,33,CUT,Casa,14373.47,3,S,3.4,3,1,0,1,1,1,0
748,892,27,CUT,Estudio,9813.29,4,No,2.1,5,1,0,1,0,0,1
749,750,29,CUCBA,Departamento,10957.97,4,No,2.4,5,1,0,0,1,0,1
750,121,26,CUCS,Departamento,17722.21,4,No,2.7,5,0,1,1,0,0,0
751,212,31,CUCS,Casa,12144.99,2,No,1.1,5,1,1,1,1,1,0
752,930,27,CUAAD,Departamento,7416.05,3,S,2.3,5,1,0,0,1,1,0
753,738,22,CUCEA,Departamento,6354.42,2,No,3.1,1,1,1,1,0,0,1
754,25,30,CUCEI,Estudio,14667.78,1,S,5.0,5,0,1,1,0,0,1
755,285,19,CUCEI,Estudio,12743.08,1,No,4.4,5,0,1,0,1,1,0
756,315,19,CUCSH,Casa,17489.01,2,No,1.6,5,1,1,0,0,0,1
757,856,18,CUCEI,Departamento,18551.88,4,No,2.9,5,1,1,0,1,1,0
758,801,22,CUAAD,Estudio,12648.02,2,No,3.9,3,1,1,0,0,0,1
759,585,28,CUCS,Casa,7315.39,2,S,4.0,5,1,0,1,0,0,0
760,218,21,CUCEI,Departamento,4806.9,3,S,1.2,5,0,0,0,0,0,0
761,890,22,CUT,Casa,17310.82,4,No,4.3,1,0,0,1,0,0,1
762,340,31,CUCBA,Casa,7408.07,4,No,2.4,5,0,1,1,1,0,1
763,408,19,CUCBA,Estudio,7949.49,1,S,2.6,5,1,1,1,1,1,1
764,524,20,CUAAD,Casa,5228.71,1,S,4.1,5,1,1,0,0,0,0
765,751,27,CUCS,Estudio,12307.64,4,No,4.0,5,0,1,1,1,1,1
766,36,32,CUAAD,Casa,4087.09,3,No,4.3,5,1,1,1,0,0,0
767,739,25,CUCEI,Estudio,19704.92,4,No,3.9,5,0,1,0,0,0,1
768,930,29,CUCBA,Casa,5919.17,1,No,2.9,5,1,0,0,1,1,0
769,530,30,CUAAD,Casa,4905.43,3,No,2.6,5,0,1,1,1,0,1
770,652,19,CUT,Estudio,18618.26,2,S,1.4,5,0,1,1,0,1,0
771,302,23,CUCEI,Casa,10102.22,2,S,2.2,5,1,1,1,1,1,0
772,592,29,CUT,Casa,15622.87,4,No,3.1,5,0,0,0,0,0,0
773,211,27,CUAAD,Estudio,5566.84,1,No,2.0,5,1,0,1,1,0,1
774,220,25,CUCS,Casa,7490.52,2,No,3.5,5,0,1,0,0,1,1
775,616,25,CUCBA,Casa,4055.85,1,No,1.9,4,0,1,0,0,1,1
776,960,23,CUCEA,Casa,9732.32,2,No,3.5,5,1,0,1,1,1,1
777,951,29,CUCEI,Casa,16285.71,2,No,1.5,5,1,1,1,0,0,0
778,246,28,CUCSH,Casa,17477.61,3,No,2.9,5,0,0,1,0,1,0
779,162,20,CUCEI,Casa,6014.04,1,S,3.6,5,1,0,1,1,1,0
780,588,21,CUCEI,Departamento,15386.65,2,S,3.6,1,0,1,0,0,0,1
781,761,19,CUCBA,Casa,3153.59,2,No,1.5,5,1,0,1,0,1,0
782,826,33,CUCEA,Estudio,3645.56,3,No,2.1,5,0,1,0,1,1,0
783,340,18,CUCS,Departamento,5048.37,4,No,4.7,5,0,1,0,1,1,1
784,632,29,CUCEA,Casa,10841.31,1,S,4.1,5,0,0,0,1,1,0
785,897,34,CUCBA,Estudio,3855.33,1,S,3.3,5,0,1,1,0,1,0
786,672,23,CUCSH,Departamento,7202.0,3,No,3.3,5,0,1,1,0,1,0
787,124,26,CUCS,Casa,12434.58,2,No,2.8,4,0,0,1,1,0,0
788,666,31,CUCS,Departamento,17163.89,4,S,2.3,5,1,1,0,1,1,0
789,643,24,CUAAD,Departamento,4627.71,2,S,3.5,5,1,1,0,1,1,0
790,597,33,CUCS,Casa,16872.23,4,No,2.9,5,0,0,0,1,1,1
791,421,27,CUCSH,Departamento,18190.88,3,S,4.3,5,1,1,1,1,0,1
792,327,22,CUT,Departamento,5815.55,2,No,3.4,5,0,1,0,0,0,1
793,689,20,CUCSH,Casa,3831.99,1,S,1.2,5,0,1,1,0,0,1
794,653,18,CUT,Estudio,11825.99,2,S,3.5,5,0,1,1,0,0,1
795,502,21,CUCBA,Casa,3167.82,1,No,4.1,5,1,1,0,0,0,0
796,130,30,CUAAD,Departamento,10947.88,4,No,1.2,5,1,0,1,1,0,0
797,993,33,CUAAD,Estudio,8549.69,3,S,1.1,4,1,0,1,0,0,1
798,620,22,CUAAD,Departamento,7693.93,1,S,2.2,5,1,0,1,0,1,1
799,791,28,CUCEA,Estudio,19336.56,4,No,4.1,3,0,0,0,0,1,0
800,172,18,CUAAD,Estudio,7419.86,2,S,1.2,5,0,1,0,1,0,1
801,584,29,CUCEI,Departamento,18248.22,3,S,1.9,5,1,1,0,1,0,1
802,351,19,CUCEA,Departamento,5973.0,3,S,1.3,4,0,1,1,1,0,0
803,476,19,CUCEA,Estudio,19510.1,2,No,4.1,5,0,0,1,0,1,0
804,499,32,CUCSH,Casa,8281.26,4,No,2.2,4,1,0,0,1,1,1
805,254,24,CUCS,Departamento,4364.81,3,S,3.4,5,1,1,1,1,1,0
806,793,34,CUAAD,Estudio,12716.69,3,S,3.4,5,0,1,1,0,1,0
807,90,29,CUAAD,Departamento,16157.97,1,S,4.0,5,1,0,0,1,1,0
808,284,33,CUCEI,Estudio,13188.03,2,S,1.7,5,1,0,1,1,0,1
809,104,27,CUCBA,Departamento,16557.05,3,S,5.0,5,0,0,1,1,0,1
810,241,29,CUCEA,Departamento,15392.67,4,No,3.1,2,1,1,0,0,1,1
811,935,27,CUCBA,Estudio,16078.51,1,No,2.3,5,1,1,1,0,1,0
812,959,24,CUT,Casa,17817.13,1,No,1.1,5,0,1,0,1,1,0
813,346,30,CUCEA,Estudio,9467.22,4,S,1.3,5,1,1,1,0,1,1
814,223,29,CUCEA,Departamento,5137.44,2,S,3.8,5,1,0,0,1,1,0
815,459,26,CUCS,Estudio,19350.53,1,No,2.3,5,1,0,0,0,0,0
816,221,21,CUCS,Departamento,16096.75,1,No,3.5,5,0,0,0,0,1,0
817,258,28,CUCBA,Estudio,14068.38,3,No,4.5,2,1,1,0,1,0,0
818,880,26,CUCS,Estudio,16722.6,4,S,2.5,1,0,0,1,0,0,0
819,318,33,CUCSH,Departamento,7877.55,1,No,1.9,5,1,0,1,0,0,1
820,848,22,CUCBA,Casa,19958.35,1,S,3.3,5,1,0,1,1,1,0
821,231,28,CUCEI,Departamento,15399.39,1,S,4.3,5,0,0,1,1,0,0
822,651,25,CUCSH,Casa,19403.6,2,No,4.6,5,1,0,1,0,0,1
823,531,33,CUCSH,Estudio,15219.04,4,S,4.6,5,1,0,0,1,1,0
824,570,29,CUCEI,Estudio,9082.72,3,No,2.6,5,0,1,0,1,1,1
825,570,19,CUT,Departamento,10079.3,1,S,3.9,5,0,1,1,0,0,1
826,192,31,CUAAD,Casa,18372.37,1,S,4.5,5,1,0,1,1,0,0
827,247,31,CUCEI,Departamento,11944.45,3,S,2.7,5,1,0,1,0,1,0
828,632,19,CUAAD,Estudio,8976.58,1,No,3.3,5,1,1,1,1,1,0
829,683,32,CUCBA,Departamento,16115.18,2,S,1.5,5,0,1,0,1,1,1
830,156,26,CUCSH,Casa,16067.23,3,S,3.8,5,0,1,1,1,1,1
831,520,21,CUCS,Departamento,3887.37,2,No,4.4,5,0,1,0,1,1,0
832,616,28,CUCS,Estudio,12606.9,2,S,4.1,2,1,1,0,0,1,0
833,495,33,CUAAD,Casa,4964.84,3,No,1.2,4,0,1,0,0,0,1
834,629,20,CUCEA,Departamento,3335.83,3,S,4.8,1,0,1,1,1,1,1
835,417,19,CUCEI,Estudio,18716.68,2,S,4.4,5,1,1,0,1,0,1
836,664,24,CUT,Departamento,14071.63,3,S,1.3,1,0,0,1,1,0,1
837,335,33,CUAAD,Departamento,3835.13,4,S,1.9,5,0,0,0,1,1,1
838,457,32,CUAAD,Departamento,10485.01,2,No,1.2,5,0,0,1,0,1,0
839,61,32,CUCS,Estudio,10370.01,2,No,1.6,4,1,1,0,1,0,0
840,442,30,CUCS,Departamento,7965.53,1,No,2.3,5,1,1,0,0,1,0
841,967,31,CUAAD,Estudio,18965.52,4,S,1.4,5,0,0,1,0,1,1
842,170,32,CUCS,Departamento,11359.1,1,No,1.1,2,0,0,0,1,1,0
843,344,18,CUT,Casa,9149.4,1,No,1.8,5,1,1,0,0,1,1
844,566,26,CUAAD,Estudio,7199.55,4,S,4.9,5,1,1,1,0,1,0
845,336,30,CUCBA,Departamento,8794.08,4,S,1.1,2,1,0,0,1,0,1
846,38,31,CUCEI,Casa,4170.31,2,S,4.6,5,0,1,0,1,0,1
847,398,19,CUT,Estudio,16697.38,3,No,4.2,5,1,1,0,0,0,0
848,739,18,CUCSH,Departamento,18293.9,3,S,3.1,4,1,0,1,1,0,1
849,778,23,CUCBA,Estudio,6376.45,3,S,4.4,3,1,0,1,1,1,1
850,27,33,CUCEA,Departamento,9824.98,2,No,1.1,5,0,0,1,1,1,0
851,478,19,CUCEA,Estudio,16426.13,4,S,1.3,5,1,0,0,0,1,1
852,586,20,CUCSH,Estudio,6549.62,4,S,4.0,5,1,1,1,0,0,0
853,696,23,CUCSH,Estudio,17398.94,1,S,4.6,1,0,0,1,1,1,1
854,709,19,CUCSH,Casa,19838.23,2,No,4.6,5,0,1,0,0,0,1
855,167,19,CUCS,Estudio,6673.64,4,S,2.8,5,1,1,1,0,0,0
856,746,18,CUT,Departamento,18923.82,4,No,3.8,2,1,0,0,1,0,0
857,609,29,CUCEI,Casa,14001.57,4,S,1.0,5,0,0,0,1,1,1
858,794,18,CUCEI,Estudio,11353.97,1,No,2.4,5,1,0,1,1,0,0
859,422,30,CUCBA,Estudio,11325.19,1,S,3.3,2,0,0,1,0,0,1
860,692,20,CUCEI,Casa,12325.63,3,S,3.9,5,1,1,0,0,1,0
861,160,29,CUT,Estudio,8066.08,2,S,1.1,1,0,0,0,1,1,1
862,835,30,CUCSH,Casa,3460.76,1,S,2.2,5,1,1,0,1,0,0
863,872,24,CUCEA,Casa,19399.16,4,S,1.1,5,0,1,0,0,1,0
864,476,28,CUCS,Estudio,7428.65,4,No,2.8,5,1,1,1,1,0,0
865,37,23,CUCEI,Casa,10884.92,3,No,3.6,5,0,1,1,0,0,1
866,461,34,CUCS,Estudio,10202.44,1,No,1.9,5,0,1,1,1,0,1
867,634,18,CUT,Departamento,15540.56,2,No,1.7,3,1,0,0,1,0,1
868,629,26,CUT,Departamento,14505.83,2,S,3.3,5,0,0,0,0,1,1
869,522,25,CUAAD,Casa,10097.11,2,No,1.8,5,0,1,0,0,1,1
870,565,30,CUCBA,Departamento,19935.94,4,S,2.8,4,1,1,1,0,0,1
871,978,21,CUCEA,Casa,15289.23,2,S,3.1,5,1,1,0,1,1,1
872,636,32,CUCEA,Casa,8963.77,3,No,2.7,5,0,0,1,1,1,0
873,812,30,CUCS,Casa,10281.78,1,S,2.0,5,1,0,1,1,0,1
874,542,27,CUCEA,Casa,13490.25,2,S,2.6,5,0,1,0,0,1,0
875,120,20,CUCS,Casa,19731.7,1,S,2.9,5,1,0,0,1,0,1
876,517,27,CUCBA,Departamento,14541.4,3,S,1.9,5,0,0,1,1,0,1
877,306,34,CUAAD,Casa,4263.28,4,No,3.5,5,1,1,1,0,0,1
878,650,24,CUAAD,Departamento,6902.83,1,No,4.7,1,0,1,0,1,1,0
879,373,19,CUCBA,Departamento,9775.99,1,S,1.7,5,0,0,0,1,1,0
880,329,30,CUCEI,Estudio,15594.42,4,S,2.4,5,0,0,0,0,1,1
881,932,34,CUCEA,Casa,4523.06,4,S,1.2,2,1,0,1,0,0,1
882,21,31,CUT,Casa,5010.4,2,No,2.8,3,0,0,0,1,0,0
883,482,24,CUCS,Casa,9590.41,3,No,2.8,5,1,1,0,1,1,1
884,226,34,CUT,Estudio,4759.69,1,No,3.9,5,1,0,0,0,1,0
885,602,34,CUCEA,Departamento,12873.13,3,S,4.2,5,0,1,0,1,1,1
886,588,32,CUCSH,Casa,12156.78,3,No,2.0,3,0,0,0,1,1,1
887,366,32,CUCBA,Departamento,19052.55,3,No,4.9,3,0,0,1,1,0,1
888,959,22,CUCBA,Casa,13417.35,1,No,4.0,5,1,1,1,1,1,1
889,627,19,CUCEI,Departamento,16968.98,1,S,3.7,5,1,1,0,1,1,1
890,131,20,CUCEA,Casa,6075.88,2,No,3.2,5,0,0,0,0,1,0
891,354,28,CUCSH,Departamento,15451.02,4,No,4.6,3,0,0,0,0,1,1
892,963,31,CUAAD,Estudio,11685.15,4,S,4.7,5,0,0,1,1,0,1
893,683,21,CUCEA,Estudio,17761.19,2,No,4.0,5,0,1,1,1,0,1
894,339,22,CUCEA,Estudio,15461.96,2,S,2.1,5,1,1,0,1,0,0
895,572,18,CUCS,Departamento,18486.65,2,No,3.2,5,1,1,0,1,0,1
896,354,18,CUCEI,Departamento,16961.57,4,S,1.8,5,1,0,0,1,1,0
897,32,23,CUCBA,Casa,17442.76,4,S,3.2,5,0,0,0,1,0,0
898,973,27,CUCBA,Casa,4663.98,3,S,3.5,5,0,1,1,1,1,1
899,786,33,CUAAD,Estudio,4880.82,3,No,1.6,4,1,0,0,0,0,1
900,577,31,CUCEI,Estudio,7651.33,1,No,1.6,5,0,1,0,1,0,0
901,212,27,CUAAD,Departamento,12534.33,4,S,4.1,5,1,0,1,0,0,1
902,584,23,CUCS,Estudio,12329.64,3,No,2.8,5,1,0,1,1,1,1
903,842,29,CUCSH,Estudio,18770.95,3,No,3.7,5,1,0,0,0,1,1
904,817,27,CUAAD,Departamento,11638.39,1,S,4.9,5,1,0,1,1,1,0
905,331,20,CUCS,Estudio,12594.1,1,No,1.2,4,0,1,1,1,0,1
906,886,34,CUCEI,Estudio,13774.7,3,No,1.3,2,0,1,1,0,0,0
907,781,19,CUCBA,Estudio,4289.0,1,No,2.8,5,0,0,0,1,1,1
908,346,27,CUAAD,Estudio,10426.73,2,No,3.3,5,0,0,1,1,0,0
909,808,22,CUCBA,Departamento,11523.62,2,S,4.7,5,0,1,0,1,0,1
910,808,28,CUAAD,Casa,3890.49,1,No,4.9,5,1,1,1,0,1,1
911,568,26,CUCEI,Departamento,17491.21,4,No,4.0,2,1,1,0,1,0,0
912,313,18,CUT,Estudio,15381.53,4,S,1.7,5,1,1,1,1,0,1
913,890,23,CUCS,Estudio,11638.51,1,No,2.2,5,1,1,0,0,0,1
914,643,19,CUCS,Casa,14577.85,1,No,4.4,5,1,0,0,1,1,1
915,174,21,CUCEI,Casa,13564.95,2,S,4.6,5,1,1,1,0,1,1
916,628,25,CUT,Departamento,14517.73,3,No,2.8,5,1,0,1,1,1,0
917,127,23,CUCBA,Estudio,11184.74,3,No,4.6,5,1,1,0,1,1,1
918,98,29,CUCBA,Casa,11367.81,4,No,2.2,3,1,1,0,0,0,0
919,267,32,CUCEA,Casa,5847.36,4,S,1.4,3,0,1,0,1,1,1
920,779,30,CUT,Casa,13526.53,3,No,3.8,5,0,1,1,1,0,0
921,274,34,CUCSH,Estudio,7256.4,4,S,1.9,5,0,1,1,1,1,0
922,745,32,CUCEA,Estudio,14516.96,1,No,4.5,5,0,0,0,0,1,0
923,189,19,CUT,Casa,8641.61,2,S,2.7,5,0,1,0,1,1,1
924,588,22,CUT,Departamento,15314.11,3,No,4.7,5,0,1,0,1,1,0
925,896,27,CUCS,Estudio,13484.5,1,No,4.3,2,1,0,1,1,0,1
926,558,33,CUT,Estudio,7963.88,2,S,2.9,5,0,1,0,1,1,1
927,703,27,CUT,Estudio,16438.86,4,No,2.1,5,1,1,0,1,0,0
928,71,20,CUCBA,Casa,6882.01,4,S,2.3,1,0,0,1,1,1,1
929,137,26,CUT,Departamento,7399.76,2,S,2.0,5,0,1,1,1,1,1
930,483,21,CUCEA,Casa,3657.37,2,S,1.2,5,0,0,0,0,0,1
931,454,33,CUCS,Departamento,14817.0,4,No,3.0,5,1,1,0,0,0,1
932,17,27,CUAAD,Departamento,19724.05,4,No,1.7,5,1,1,1,1,0,1
933,6,18,CUCEA,Estudio,15586.1,3,S,3.3,5,1,1,0,1,1,1
934,837,24,CUCEA,Departamento,15615.28,4,S,3.1,5,1,1,1,1,0,1
935,911,29,CUCEI,Departamento,13208.35,4,No,3.6,5,1,1,1,0,0,1
936,792,19,CUCS,Estudio,4698.83,4,No,1.1,5,1,1,0,1,1,1
937,506,26,CUT,Casa,5366.86,3,S,4.5,5,1,0,0,1,0,1
938,760,27,CUCEI,Departamento,9605.08,2,No,1.4,5,1,1,1,0,0,1
939,129,32,CUT,Departamento,3848.71,1,S,4.9,5,1,0,1,0,1,1
940,501,33,CUCEA,Estudio,14149.35,1,S,4.5,2,0,0,0,0,0,0
941,817,18,CUCS,Estudio,13235.37,4,S,4.3,5,1,1,1,0,0,0
942,645,26,CUT,Departamento,9567.6,2,S,4.9,5,1,0,1,0,1,1
943,4,34,CUCEI,Estudio,7934.63,4,No,2.1,5,1,0,1,1,1,0
944,303,22,CUT,Departamento,8221.24,3,S,1.8,5,0,0,1,1,0,1
945,706,19,CUCEI,Casa,17476.61,4,S,2.2,3,1,0,1,0,1,1
946,149,21,CUCEA,Casa,18717.95,2,S,3.7,5,1,0,1,1,0,1
947,405,24,CUCBA,Departamento,3950.81,1,S,1.8,5,0,1,0,0,1,0
948,109,22,CUCSH,Departamento,17534.88,1,S,2.1,1,0,1,0,1,1,0
949,67,25,CUCBA,Estudio,8003.38,2,S,1.5,5,0,1,1,0,1,1
950,653,21,CUCEA,Casa,13707.58,4,S,4.3,5,1,1,1,1,0,0
951,148,25,CUCEA,Casa,17381.18,2,S,2.7,5,1,1,0,0,0,1
952,873,20,CUAAD,Estudio,11034.94,1,No,1.4,3,1,0,0,0,1,0
953,201,33,CUT,Departamento,19737.49,2,No,3.0,5,0,0,1,0,1,0
954,298,29,CUCSH,Estudio,16047.32,4,S,1.7,1,0,1,0,1,1,1
955,55,19,CUAAD,Departamento,18192.8,2,No,4.3,5,1,0,0,0,1,0
956,568,20,CUAAD,Departamento,4959.81,4,No,1.0,5,0,0,0,1,0,0
957,879,26,CUCSH,Casa,17002.04,3,S,2.5,1,1,0,0,1,1,0
958,338,21,CUT,Departamento,17461.48,2,S,1.1,5,1,0,1,1,1,0
959,759,25,CUCS,Casa,15920.32,1,S,2.2,5,1,0,0,0,0,1
960,819,25,CUT,Casa,17431.25,3,No,3.9,5,0,1,1,1,1,0
961,417,18,CUCSH,Departamento,10240.81,4,S,4.0,3,0,1,0,1,1,1
962,428,29,CUCBA,Departamento,4958.35,3,S,2.8,5,0,1,0,1,1,1
963,608,19,CUCSH,Estudio,10553.78,2,S,3.1,5,1,1,0,1,0,1
964,65,28,CUCEI,Estudio,15663.41,1,S,4.5,5,1,0,1,1,0,1
965,328,32,CUCEA,Casa,14887.27,1,S,4.4,5,0,0,0,1,0,1
966,696,21,CUCBA,Departamento,10763.36,4,No,3.7,5,1,0,1,1,0,0
967,171,18,CUAAD,Departamento,16234.52,3,No,2.9,2,0,1,1,0,1,0
968,531,29,CUAAD,Casa,14036.54,1,S,3.3,5,1,1,1,0,0,0
969,984,29,CUT,Departamento,11644.57,4,No,3.8,1,1,0,0,1,0,0
970,895,31,CUCBA,Estudio,16503.11,1,No,3.5,5,1,1,1,1,1,0
971,427,23,CUT,Casa,19147.2,2,No,3.2,5,0,1,1,1,0,1
972,662,32,CUT,Casa,12719.14,2,No,3.4,5,0,0,0,1,0,1
973,529,22,CUCS,Departamento,13801.48,2,No,3.2,5,1,1,0,0,0,1
974,528,27,CUCBA,Casa,10589.95,1,S,2.5,5,0,1,0,0,0,1
975,182,31,CUCBA,Estudio,17381.19,2,S,2.6,5,1,0,1,0,1,1
976,828,34,CUAAD,Departamento,13933.85,4,S,1.3,2,1,0,1,0,0,0
977,436,28,CUCEA,Departamento,15581.94,3,No,3.8,5,0,1,0,0,1,0
978,568,29,CUAAD,Departamento,11972.15,3,No,1.6,5,0,0,1,0,0,0
979,119,18,CUCSH,Departamento,8221.27,3,No,3.5,5,1,1,1,0,0,0
980,27,27,CUCS,Estudio,17541.55,1,S,2.6,5,0,1,1,0,0,1
981,633,34,CUCBA,Estudio,12188.24,2,S,4.7,5,1,0,0,0,1,0
982,649,25,CUCEA,Departamento,18589.64,2,No,3.1,5,1,0,1,1,1,1
983,780,33,CUCEI,Casa,13161.64,2,S,2.4,5,1,1,1,0,0,1
984,267,22,CUCS,Casa,7927.11,3,S,1.4,5,0,1,0,0,1,1
985,199,26,CUCEI,Departamento,18750.19,3,No,4.0,5,0,1,1,0,0,1
986,900,33,CUAAD,Casa,6765.2,1,No,3.9,5,0,0,1,0,0,0
987,827,18,CUCSH,Casa,12525.63,2,S,2.0,5,1,0,1,0,1,0
988,528,31,CUCEA,Casa,6594.01,1,No,4.8,1,0,0,1,1,0,0
989,749,21,CUCEA,Casa,9176.46,2,S,1.1,5,0,0,1,0,1,1
990,78,19,CUCEA,Estudio,13660.06,2,S,1.6,5,0,1,1,0,0,0
991,352,24,CUT,Casa,3825.15,1,No,2.5,5,1,1,1,1,0,1
992,738,27,CUAAD,Estudio,12669.39,2,S,1.4,5,0,1,1,0,0,0
993,373,30,CUAAD,Departamento,14676.65,2,S,4.8,5,1,1,0,0,0,1
994,966,27,CUAAD,Estudio,19861.31,2,No,1.1,5,0,1,1,1,1,0
995,642,23,CUAAD,Casa,17512.37,3,S,1.7,5,1,1,0,1,1,1
996,730,19,CUCEA,Casa,4836.22,1,No,4.8,5,1,0,1,1,0,0
997,886,24,CUCEA,Departamento,8754.12,4,S,3.1,5,0,1,0,1,1,0
998,442,34,CUCEA,Estudio,14764.44,3,No,1.9,5,1,1,0,0,0,1
999,315,32,CUCS,Estudio,4102.6,4,No,1.0,5,1,1,0,1,0,0
1000,41,18,CUT,Estudio,16944.1,3,S,3.1,5,1,0,1,1,1,0
